#FLG 000
#VER 19
#CHEN
1
7
1
1
F43000409
240626
RPS-AZ-TRIBUNE



41180043
AZ-43-RPS Agadez Misrata

1
0
0,000000
41180043
1
1
0






CHAZ43RPS
1
21
11
1
1
1
0
0,0000
0,0000
1
0
2
4118000
00:28:59



0


0
0,00
0
0
0,00
0
0,0000
0
0
0,0000
0
0
0,0000
0
0



0
0
0




#CHLI
RPS-AZ-TRIBUNE
GAS
GASOIL







0
618,0000
0,00
1618,75
1618,75

0,0000
0,0000

0
570,50
0,00
570,50
0



AZ-43-RPS Agadez Misrata
CHAZ43RPS
1

0
0,0000
0
0
0,0000
0
0
0,0000
0
0
41180043


0
0


0
0


240626



0

0,00
#CHLI
RPS-AZ-TRIBUNE
SUP
SUPER







0
499,0000
0,00
13697,67
13697,67

0,0000
0,0000

0
464,50
0,00
464,50
0



AZ-43-RPS Agadez Misrata
CHAZ43RPS
1

0
0,0000
0
0
0,0000
0
0
0,0000
0
0
41180043


0
0


0
0


240626



0

0,00
#CHRE
2
240626

0,00
0,00
1
0

#CHEN
1
7
1
1
F43000410
240626
RPS-AZ-TRIBUNE



41110095
AZ-43-RPS Agadez Misrata
Moussa Seydalamine
1
0
0,000000
41110095
1
1
0






CHAZ43RPS
1
21
11
1
1
1
0
0,0000
0,0000
1
0
2
4112000
00:30:36



0


0
0,00
0
0
0,00
0
0,0000
0
0
0,0000
0
0
0,0000
0
0



0
0
0




#CHLI
RPS-AZ-TRIBUNE
GAS
AB7599RN







0
618,0000
0,00
4000,00
4000,00

0,0000
0,0000

0
570,50
0,00
570,50
0



AZ-43-RPS Agadez Misrata
CHAZ43RPS
1

0
0,0000
0
0
0,0000
0
0
0,0000
0
0
41110095


0
0


0
0


240626



0

0,00
#CHLI
RPS-AZ-TRIBUNE
GAS
AM 5789RN







0
618,0000
0,00
3800,00
3800,00

0,0000
0,0000

0
570,50
0,00
570,50
0



AZ-43-RPS Agadez Misrata
CHAZ43RPS
1

0
0,0000
0
0
0,0000
0
0
0,0000
0
0
41110095


0
0


0
0


240626



0

0,00
#CHRE
2
240626

0,00
0,00
1
0

#CHEN
1
7
1
1
F43000411
240626
RPS-AZ-TRIBUNE



41110075
AZ-43-RPS Agadez Misrata
SINOMA GARGO
1
0
0,000000
41110075
1
1
0






CHAZ43RPS
1
21
11
1
1
1
0
0,0000
0,0000
1
0
2
4111000
00:33:03



0


0
0,00
0
0
0,00
0
0,0000
0
0
0,0000
0
0
0,0000
0
0



0
0
0




#CHLI
RPS-AZ-TRIBUNE
GAS
BL 2165RN







0
618,0000
0,00
360,00
360,00

0,0000
0,0000

0
570,50
0,00
570,50
0



AZ-43-RPS Agadez Misrata
CHAZ43RPS
1

0
0,0000
0
0
0,0000
0
0
0,0000
0
0
41110075


0
0


0
0


240626



0

0,00
#CHLI
RPS-AZ-TRIBUNE
GAS
BL 2210RN







0
618,0000
0,00
360,00
360,00

0,0000
0,0000

0
570,50
0,00
570,50
0



AZ-43-RPS Agadez Misrata
CHAZ43RPS
1

0
0,0000
0
0
0,0000
0
0
0,0000
0
0
41110075


0
0


0
0


240626



0

0,00
#CHLI
RPS-AZ-TRIBUNE
GAS
BL 2212RN







0
618,0000
0,00
360,00
360,00

0,0000
0,0000

0
570,50
0,00
570,50
0



AZ-43-RPS Agadez Misrata
CHAZ43RPS
1

0
0,0000
0
0
0,0000
0
0
0,0000
0
0
41110075


0
0


0
0


240626



0

0,00
#CHRE
2
240626

0,00
0,00
1
0

#CHEN
1
7
1
1
F43000412
240626
RPS-AZ-TRIBUNE



41120026
AZ-43-RPS Agadez Misrata
Rimbo Transport
1
0
0,000000
41120026
1
1
0






CHAZ43RPS
1
21
11
1
1
1
0
0,0000
0,0000
1
0
2
4112000
00:35:54



0


0
0,00
0
0
0,00
0
0,0000
0
0
0,0000
0
0
0,0000
0
0



0
0
0




#CHLI
RPS-AZ-TRIBUNE
GAS
BM 1591RN







0
618,0000
0,00
400,00
400,00

0,0000
0,0000

0
570,50
0,00
570,50
0



AZ-43-RPS Agadez Misrata
CHAZ43RPS
1

0
0,0000
0
0
0,0000
0
0
0,0000
0
0
41120026


0
0


0
0


240626



0

0,00
#CHLI
RPS-AZ-TRIBUNE
GAS
BL 1241RN







0
618,0000
0,00
133,08
133,08

0,0000
0,0000

0
570,50
0,00
570,50
0



AZ-43-RPS Agadez Misrata
CHAZ43RPS
1

0
0,0000
0
0
0,0000
0
0
0,0000
0
0
41120026


0
0


0
0


240626



0

0,00
#CHLI
RPS-AZ-TRIBUNE
GAS
BP 6276RN







0
618,0000
0,00
334,07
334,07

0,0000
0,0000

0
570,50
0,00
570,50
0



AZ-43-RPS Agadez Misrata
CHAZ43RPS
1

0
0,0000
0
0
0,0000
0
0
0,0000
0
0
41120026


0
0


0
0


240626



0

0,00
#CHLI
RPS-AZ-TRIBUNE
GAS
BX 5957RN







0
618,0000
0,00
595,00
595,00

0,0000
0,0000

0
570,50
0,00
570,50
0



AZ-43-RPS Agadez Misrata
CHAZ43RPS
1

0
0,0000
0
0
0,0000
0
0
0,0000
0
0
41120026


0
0


0
0


240626



0

0,00
#CHLI
RPS-AZ-TRIBUNE
GAS
BM 1596RN







0
618,0000
0,00
384,00
384,00

0,0000
0,0000

0
570,50
0,00
570,50
0



AZ-43-RPS Agadez Misrata
CHAZ43RPS
1

0
0,0000
0
0
0,0000
0
0
0,0000
0
0
41120026


0
0


0
0


240626



0

0,00
#CHLI
RPS-AZ-TRIBUNE
GAS
CA5410RN







0
618,0000
0,00
367,00
367,00

0,0000
0,0000

0
570,50
0,00
570,50
0



AZ-43-RPS Agadez Misrata
CHAZ43RPS
1

0
0,0000
0
0
0,0000
0
0
0,0000
0
0
41120026


0
0


0
0


240626



0

0,00
#CHLI
RPS-AZ-TRIBUNE
GAS
BP 6269RN







0
618,0000
0,00
400,00
400,00

0,0000
0,0000

0
570,50
0,00
570,50
0



AZ-43-RPS Agadez Misrata
CHAZ43RPS
1

0
0,0000
0
0
0,0000
0
0
0,0000
0
0
41120026


0
0


0
0


240626



0

0,00
#CHLI
RPS-AZ-TRIBUNE
GAS
CG 9134RN







0
618,0000
0,00
440,00
440,00

0,0000
0,0000

0
570,50
0,00
570,50
0



AZ-43-RPS Agadez Misrata
CHAZ43RPS
1

0
0,0000
0
0
0,0000
0
0
0,0000
0
0
41120026


0
0


0
0


240626



0

0,00
#CHRE
2
240626

0,00
0,00
1
0

#CHEN
1
7
1
1
F45000001
240626
RPS Arlit



41180045
AZ-45-RPS Arlit
Clts CASH-RPS-Arlit
1
0
0,000000
41180045
1
1
0






CHAR45RPS
1
21
11
1
1
1
0
0,0000
0,0000
1
0
2
4118000
21:09:35



0


0
0
0
0
0
0
0,0000
0
0
0,0000
0
0
0,0000
0
0



0
0
0




#CHLI
RPS Arlit
SUP
SUPER







0
499,0000
0,00
19091,85
19091,85

0,0000
0,0000

0
488,93
0
488,93
0



AZ-45-RPS Arlit
CHAR45RPS
1

0
0,0000
0
0
0,0000
0
0
0,0000
0
0
41180045


0
0


0
0


240626



0

0,00
#CHRE
2
240626

0
0
1
0

#CHEN
1
7
1
1
F01012371
240626
RPS GAYA 1



41180001
DO-01-RPS Gaya
Clts CASH-RPS-Gaya01
1
0
0,000000
41180001
1
1
0






CHDOG01RPS
1
21
11
1
1
1
0
0,0000
0,0000
1
0
2
4118000
10:11:02



0


0
0
0
0
0
0
0,0000
0
0
0,0000
0
0
0,0000
0
0



0
0
0




#CHLI
RPS GAYA 1
GAS








0
618,0000
0,00
4900,25
4900,25

0,0000
0,0000

0
494,00
0
494,00
0



DO-01-RPS Gaya
CHDOG01RPS
1

0
0,0000
0
0
0,0000
0
0
0,0000
0
0
41180001


0
0


0
0


240626



0

0,00
#CHLI
RPS GAYA 1
SUP
SUPER







0
499,0000
0,00
4,00
4,00

0,0000
0,0000

0
488,93
0
488,93
0



DO-01-RPS Gaya
CHDOG01RPS
1

0
0,0000
0
0
0,0000
0
0
0,0000
0
0
41180001


0
0


0
0


240626



0

0,00
#CHRE
2
240626

0
0
1
0

#CHEN
1
7
1
1
F01012372
240626
RPS GAYA 01



41110024
DO-01-RPS Gaya
ETS Oudou Younoussa
1
0
0,000000
41110024
1
1
0







1
21
11
1
1
1
0
0,0000
0,0000
1
0
2
4111000
10:18:33



0


0
0
0
0
0
0
0,0000
0
0
0,0000
0
0
0,0000
0
0



0
0
0




#CHLI
RPS GAYA 01
GAS
BON N 001096 /06 / 26 / BX0601RN







0
618,0000
0,00
60,00
60,00

0,0000
0,0000

0
494,00
0
494,00
0



DO-01-RPS Gaya

1

0
0,0000
0
0
0,0000
0
0
0,0000
0
0
41110024


0
0


0
0


240626



0

0,00
#CHLI
RPS GAYA 01
GAS
BON N 001098 / 06/26 / AP1592RN







0
618,0000
0,00
550,00
550,00

0,0000
0,0000

0
494,00
0
494,00
0



DO-01-RPS Gaya

1

0
0,0000
0
0
0,0000
0
0
0,0000
0
0
41110024


0
0


0
0


240626



0

0,00
#CHRE
2
240626

0
0
1
0

#CHEN
1
7
1
1
F01012373
240626
RPS GAYA 1



41110087
DO-01-RPS Gaya
Nassirou Yacouba
1
0
0,000000
41110087
1
1
0






CHDOG01RPS
1
21
11
1
1
1
0
0,0000
0,0000
1
0
2
4111000
10:23:18



0


0
0
0
0
0
0
0,0000
0
0
0,0000
0
0
0,0000
0
0



0
0
0




#CHLI
RPS GAYA 1
GAS
BON N 21762 / BS4599RB







0
618,0000
0,00
600,00
600,00

0,0000
0,0000

0
494,00
0
494,00
0



DO-01-RPS Gaya
CHDOG01RPS
1

0
0,0000
0
0
0,0000
0
0
0,0000
0
0
41110087


0
0


0
0


240626



0

0,00
#CHLI
RPS GAYA 1
GAS
BON N 21763 / BS3715RB







0
618,0000
0,00
800,00
800,00

0,0000
0,0000

0
494,00
0
494,00
0



DO-01-RPS Gaya
CHDOG01RPS
1

0
0,0000
0
0
0,0000
0
0
0,0000
0
0
41110087


0
0


0
0


240626



0

0,00
#CHRE
2
240626

0
0
1
0

#CHEN
1
7
1
1
F02000014
240626
RPS AUTOGARE



41180002
DO-02-RPS Dosso

1
0
0,000000
41180002
1
1
0






CHDO02RPS
1
21
11
1
1
1
0
0,0000
0,0000
1
0
2
4118000
08:06:44



0


0
0
0
0
0
0
0,0000
0
0
0,0000
0
0
0,0000
0
0



0
0
0




#CHLI
RPS AUTOGARE
GAS
GASOIL







0
618,0000
0,00
5896,81
5896,81

0,0000
0,0000

0
615,13
0
615,13
0



DO-02-RPS Dosso
CHDO02RPS
1

0
0,0000
0
0
0,0000
0
0
0,0000
0
0
41180002


0
0


0
0


240626



0

0,00
#CHLI
RPS AUTOGARE
SUP
SUPER







0
499,0000
0,00
1673,71
1673,71

0,0000
0,0000

0
488,93
0
488,93
0



DO-02-RPS Dosso
CHDO02RPS
1

0
0,0000
0
0
0,0000
0
0
0,0000
0
0
41180002


0
0


0
0


240626



0

0,00
#CHRE
2
240626

0
0
1
0

#CHEN
1
7
1
1
F02000015
240626
RPS AUTOGARE



41120050
DO-02-RPS Dosso
SSN
1
0
0,000000
41120050
1
1
0






CHDO02RPS
1
21
11
1
1
1
0
0,0000
0,0000
1
0
2
4112000
08:13:05



0


0
0
0
0
0
0
0,0000
0
0
0,0000
0
0
0,0000
0
0



0
0
0




#CHLI
RPS AUTOGARE
GAS
CARTE SSN/-/AVENIR/-/2024071600694342/-/BD0356







0
618,0000
0,00
74,75
74,75

0,0000
0,0000

0
615,13
0
615,13
0



DO-02-RPS Dosso
CHDO02RPS
1

0
0,0000
0
0
0,0000
0
0
0,0000
0
0
41120050


0
0


0
0


240626



0

0,00
#CHLI
RPS AUTOGARE
GAS
CARTE SSN/-/AVENIR/-/2024071600694342/-/AX7097







0
618,0000
0,00
88,96
88,96

0,0000
0,0000

0
615,13
0
615,13
0



DO-02-RPS Dosso
CHDO02RPS
1

0
0,0000
0
0
0,0000
0
0
0,0000
0
0
41120050


0
0


0
0


240626



0

0,00
#CHLI
RPS AUTOGARE
GAS
CARTE SSN/-/AVENIR/-/2024071600694342/-/AX7099







0
618,0000
0,00
87,28
87,28

0,0000
0,0000

0
615,13
0
615,13
0



DO-02-RPS Dosso
CHDO02RPS
1

0
0,0000
0
0
0,0000
0
0
0,0000
0
0
41120050


0
0


0
0


240626



0

0,00
#CHLI
RPS AUTOGARE
GAS
CARTE SSN/-/AVENIR/-/2024071600694342/-/BD0327







0
618,0000
0,00
86,08
86,08

0,0000
0,0000

0
615,13
0
615,13
0



DO-02-RPS Dosso
CHDO02RPS
1

0
0,0000
0
0
0,0000
0
0
0,0000
0
0
41120050


0
0


0
0


240626



0

0,00
#CHLI
RPS AUTOGARE
GAS
CARTE SSN/-/AVENIR/-/2024071600694342/-/BE3152







0
618,0000
0,00
82,34
82,34

0,0000
0,0000

0
615,13
0
615,13
0



DO-02-RPS Dosso
CHDO02RPS
1

0
0,0000
0
0
0,0000
0
0
0,0000
0
0
41120050


0
0


0
0


240626



0

0,00
#CHLI
RPS AUTOGARE
GAS
CARTE SSN/-/AVENIR/-/2024071600694342/-/IT01408







0
618,0000
0,00
271,85
271,85

0,0000
0,0000

0
615,13
0
615,13
0



DO-02-RPS Dosso
CHDO02RPS
1

0
0,0000
0
0
0,0000
0
0
0,0000
0
0
41120050


0
0


0
0


240626



0

0,00
#CHLI
RPS AUTOGARE
GAS
CARTE SSN/-/AVENIR/-/2024071600694342/-/AY0966







0
618,0000
0,00
81,33
81,33

0,0000
0,0000

0
615,12
0
615,12
0



DO-02-RPS Dosso
CHDO02RPS
1

0
0,0000
0
0
0,0000
0
0
0,0000
0
0
41120050


0
0


0
0


240626



0

0,00
#CHRE
2
240626

0
0
1
0

#CHEN
1
7
1
1
F02000016
240626
RPS AUTOGARE



41110005
DO-02-RPS Dosso
Isheikh Hamma HAMI
1
0
0,000000
41110005
1
1
0






CHDO02RPS
1
21
11
1
1
1
0
0,0000
0,0000
1
0
2
4111000
08:17:17



0


0
0
0
0
0
0
0,0000
0
0
0,0000
0
0
0,0000
0
0



0
0
0




#CHLI
RPS AUTOGARE
GAS
Hamma HAMI/-/BN0998







0
618,0000
0,00
1150,51
1150,51

0,0000
0,0000

0
615,13
0
615,13
0



DO-02-RPS Dosso
CHDO02RPS
1

0
0,0000
0
0
0,0000
0
0
0,0000
0
0
41110005


0
0


0
0


240626



0

0,00
#CHLI
RPS AUTOGARE
GAS
Hamma HAMI/-/RNG21XB







0
618,0000
0,00
1200,00
1200,00

0,0000
0,0000

0
615,13
0
615,13
0



DO-02-RPS Dosso
CHDO02RPS
1

0
0,0000
0
0
0,0000
0
0
0,0000
0
0
41110005


0
0


0
0


240626



0

0,00
#CHRE
2
240626

0
0
1
0

#CHEN
1
7
1
1
F02000017
240626
RPS AUTOGARE



41110024
DO-02-RPS Dosso
ETS Oudou Younoussa
1
0
0,000000
41110024
1
1
0






CHDO02RPS
1
21
11
1
1
1
0
0,0000
0,0000
1
0
2
4111000
08:19:54



0


0
0
0
0
0
0
0,0000
0
0
0,0000
0
0
0,0000
0
0



0
0
0




#CHLI
RPS AUTOGARE
GAS
HOUDOU-YOUNOUSSA/-/AP1607







0
618,0000
0,00
200,00
200,00

0,0000
0,0000

0
615,13
0
615,13
0



DO-02-RPS Dosso
CHDO02RPS
1

0
0,0000
0
0
0,0000
0
0
0,0000
0
0
41110024


0
0


0
0


240626



0

0,00
#CHLI
RPS AUTOGARE
GAS
HOUDOU-YOUNOUSSA/-/BV7759







0
618,0000
0,00
200,00
200,00

0,0000
0,0000

0
615,13
0
615,13
0



DO-02-RPS Dosso
CHDO02RPS
1

0
0,0000
0
0
0,0000
0
0
0,0000
0
0
41110024


0
0


0
0


240626



0

0,00
#CHLI
RPS AUTOGARE
GAS
HOUDOU-YOUNOUSSA/-/BJ8093







0
618,0000
0,00
200,00
200,00

0,0000
0,0000

0
615,13
0
615,13
0



DO-02-RPS Dosso
CHDO02RPS
1

0
0,0000
0
0
0,0000
0
0
0,0000
0
0
41110024


0
0


0
0


240626



0

0,00
#CHLI
RPS AUTOGARE
GAS
HOUDOU-YOUNOUSSA/-/BC5748







0
618,0000
0,00
200,00
200,00

0,0000
0,0000

0
615,13
0
615,13
0



DO-02-RPS Dosso
CHDO02RPS
1

0
0,0000
0
0
0,0000
0
0
0,0000
0
0
41110024


0
0


0
0


240626



0

0,00
#CHRE
2
240626

0
0
1
0

#CHEN
1
7
1
1
F02000018
240626
RPS AUTOGARE



41120024
DO-02-RPS Dosso
EMA-Transport
1
0
0,000000
41120024
1
1
0






CHDO02RPS
1
21
11
1
1
1
0
0,0000
0,0000
1
0
2
4112000
08:21:26



0


0
0
0
0
0
0
0,0000
0
0
0,0000
0
0
0,0000
0
0



0
0
0




#CHLI
RPS AUTOGARE
GAS
EMA-TRANSPORT/-/BS0005







0
618,0000
0,00
300,00
300,00

0,0000
0,0000

0
615,13
0
615,13
0



DO-02-RPS Dosso
CHDO02RPS
1

0
0,0000
0
0
0,0000
0
0
0,0000
0
0
41120024


0
0


0
0


240626



0

0,00
#CHRE
2
240626

0
0
1
0

#CHEN
1
7
1
1
F03000004
240626
RPS GAYA 02



41180003
DO-03-RPS Gaya

1
0
0,000000
41180003
1
1
0






CHDOG03RPS
1
21
11
1
1
1
0
0,0000
0,0000
1
0
2
4118000
06:52:08



0


0
0
0
0
0
0
0,0000
0
0
0,0000
0
0
0,0000
0
0



0
0
0




#CHLI
RPS GAYA 02
GAS
GASOIL







0
618,0000
0,00
3692,32
3692,32

0,0000
0,0000

0
494,00
0
494,00
0



DO-03-RPS Gaya
CHDOG03RPS
1

0
0,0000
0
0
0,0000
0
0
0,0000
0
0
41180003


0
0


0
0


240626



0

0,00
#CHRE
2
240626

0
0
1
0

#CHEN
1
7
1
1
F03000005
240626
RPS GAYA 02



41110002
DO-03-RPS Gaya
Maika SAMAILA
1
0
0,000000
41110002
1
1
0






CHDOG03RPS
1
21
11
1
1
1
0
0,0000
0,0000
1
0
2
4111000
06:53:40



0


0
0
0
0
0
0
0,0000
0
0
0,0000
0
0
0,0000
0
0



0
0
0




#CHLI
RPS GAYA 02
GAS
MAIKA SAMAILA/ AT 9677







0
618,0000
0,00
50,00
50,00

0,0000
0,0000

0
494,00
0
494,00
0



DO-03-RPS Gaya
CHDOG03RPS
1

0
0,0000
0
0
0,0000
0
0
0,0000
0
0
41110002


0
0


0
0


240626



0

0,00
#CHRE
2
240626

0
0
1
0

#CHEN
1
7
1
1
F05000835
240626
RPS DOUTCHI



41180005
DO-05-RPS Doutchi
Clts CASH-RPS-Doutchi
1
0
0,000000
41180005
1
1
0







1
21
11
1
1
1
0
0,0000
0,0000
1
0
2
4118000
08:56:12



0


0
0
0
0
0
0
0,0000
0
0
0,0000
0
0
0,0000
0
0



0
0
0




#CHLI
RPS DOUTCHI
GAS
GASOIL







1
618,00
0,00
1055,58
1055,58

0,0000
0,0000

0
618,50
0
618,50
0



DO-05-RPS Doutchi

1

0
0,0000
0
0
0,0000
0
0
0,0000
0
0
41180005


0
0


0
0


240626



0

0,00
#CHRE
2
240626

0
0
1
0

#CHEN
1
7
1
1
F05000836
240626
RPS DOUTCHI



41129008
DO-05-RPS Doutchi
MOKO LOGISTIQUE
1
0
0,000000
41129008
1
1
0







1
21
11
1
1
1
0
0,0000
0,0000
1
0
2
4112000
09:05:09



0


0
0
0
0
0
0
0,0000
0
0
0,0000
0
0
0,0000
0
0



0
0
0




#CHLI
RPS DOUTCHI
GAS
CK7151RB







1
618,00
0,00
1038,38
1038,38

0,0000
0,0000

0
618,50
0
618,50
0



DO-05-RPS Doutchi

1

0
0,0000
0
0
0,0000
0
0
0,0000
0
0
41129008


0
0


0
0


240626



0

0,00
#CHRE
2
240626

0
0
1
0

#CHEN
1
7
1
1
F05000837
240626
RPS DOUTCHI



41180005
DO-05-RPS Doutchi
Clts CASH-RPS-Doutchi
1
0
0,000000
41180005
1
1
0







1
21
11
1
1
1
0
0,0000
0,0000
1
0
2
4118000
09:06:23



0


0
0
0
0
0
0
0,0000
0
0
0,0000
0
0
0,0000
0
0



0
0
0




#CHLI
RPS DOUTCHI
SUP
SUPER







0
499,0000
0,00
2125,00
2125,00

0,0000
0,0000

0
488,93
0
488,93
0



DO-05-RPS Doutchi

1

0
0,0000
0
0
0,0000
0
0
0,0000
0
0
41180005


0
0


0
0


240626



0

0,00
#CHRE
2
240626

0
0
1
0

#CHEN
1
7
1
1
F05000838
240626
RPS DOUTCHI



41120025
DO-05-RPS Doutchi
Techni Consult
1
0
0,000000
41120025
1
1
0







1
21
11
1
1
1
0
0,0000
0,0000
1
0
2
4112000
09:06:51



0


0
0
0
0
0
0
0,0000
0
0
0,0000
0
0
0,0000
0
0



0
0
0




#CHLI
RPS DOUTCHI
SUP
BK2200RN/Nø642







0
499,0000
0,00
64,00
64,00

0,0000
0,0000

0
488,93
0
488,93
0



DO-05-RPS Doutchi

1

0
0,0000
0
0
0,0000
0
0
0,0000
0
0
41120025


0
0


0
0


240626



0

0,00
#CHRE
2
240626

0
0
1
0

#CHEN
1
7
1
1
F35000002
240626
RPS Gaya 03



41180035
DO-35-RPS Gaya 03
Clts CASH-RPS Gaya 03
1
0
0,000000
41180035
1
1
0







1
21
11
1
1
1
0
0,0000
0,0000
1
0
2
4118000
06:03:25



0


0
0
0
0
0
0
0,0000
0
0
0,0000
0
0
0,0000
0
0



0
0
0




#CHLI
RPS Gaya 03
GAS
GASOIL







0
618,0000
0,00
975,82
975,82

0,0000
0,0000

0
615,00
0
615,00
0



DO-35-RPS Gaya 03

1

0
0,0000
0
0
0,0000
0
0
0,0000
0
0
41180035


0
0


0
0


240626



0

0,00
#CHLI
RPS Gaya 03
SUP
SUPER







0
499,0000
0,00
3557,39
3557,39

0,0000
0,0000

0
488,93
0
488,93
0



DO-35-RPS Gaya 03

1

0
0,0000
0
0
0,0000
0
0
0,0000
0
0
41180035


0
0


0
0


240626



0

0,00
#CHRE
2
240626

0
0
1
0

#CHEN
1
7
1
1
F36000018
240626
RPS Tandobon



41180036
DO-36-RPS Tandobon
Clts CASH-RPS-Tandobon
1
0
0,000000
41180036
1
1
0






CHDO36RPS
1
21
11
1
1
1
0
0,0000
0,0000
1
0
2
4118000
07:47:44



0


0
0,00
0
0
0,00
0
0,0000
0
0
0,0000
0
0
0,0000
0
0



0
0
0




#CHLI
RPS TONDOBON
GAS
GASOIL







0
618,0000
0,00
725,15
725,15

0,0000
0,0000

0
615,13
0,00
615,13
0



DO-36-RPS Tandobon
CHDO36RPS
1

0
0,0000
0
0
0,0000
0
0
0,0000
0
0
41180036


0
0


0
0


240626



0

0,00
#CHLI
RPS TONDOBON
SUP
SUPER







0
499,0000
0,00
6249,37
6249,37

0,0000
0,0000

0
488,93
0,00
488,93
0



DO-36-RPS Tandobon
CHDO36RPS
1

0
0,0000
0
0
0,0000
0
0
0,0000
0
0
41180036


0
0


0
0


240626



0

0,00
#CHRE
2
240626

0,00
0,00
1
0

#CHEN
1
7
1
1
F36000019
240626
RPS Tandobon



41120040
DO-36-RPS Tandobon
SOTCO
1
0
0,000000
41120040
1
1
0






CHDO36RPS
1
21
11
1
1
1
0
0,0000
0,0000
1
0
2
4110000
07:50:18



0


0
0,00
0
0
0,00
0
0,0000
0
0
0,0000
0
0
0,0000
0
0



0
0
0




#CHLI
RPS TONDOBON
GAS
SOTCO / CG 7865







0
618,0000
0,00
150,00
150,00

0,0000
0,0000

0
615,13
0,00
615,13
0



DO-36-RPS Tandobon
CHDO36RPS
1

0
0,0000
0
0
0,0000
0
0
0,0000
0
0
41120040


0
0


0
0


240626



0

0,00
#CHRE
2
240626

0,00
0,00
1
0

#CHEN
1
7
1
1
F36000020
240626
RPS Tandobon



41110005
DO-36-RPS Tandobon
Isheikh Hamma HAMI
1
0
0,000000
41110005
1
1
0






CHDO36RPS
1
21
11
1
1
1
0
0,0000
0,0000
1
0
2
4111000
07:52:03



0


0
0,00
0
0
0,00
0
0,0000
0
0
0,0000
0
0
0,0000
0
0



0
0
0




#CHLI
RPS TONDOBON
GAS
HAMMA HAMID / BA 8854







0
618,0000
0,00
200,00
200,00

0,0000
0,0000

0
615,13
0,00
615,13
0



DO-36-RPS Tandobon
CHDO36RPS
1

0
0,0000
0
0
0,0000
0
0
0,0000
0
0
41110005


0
0


0
0


240626



0

0,00
#CHLI
RPS TONDOBON
GAS
HAMMA HAMID / BN 1341







0
618,0000
0,00
400,00
400,00

0,0000
0,0000

0
615,13
0,00
615,13
0



DO-36-RPS Tandobon
CHDO36RPS
1

0
0,0000
0
0
0,0000
0
0
0,0000
0
0
41110005


0
0


0
0


240626



0

0,00
#CHLI
RPS TONDOBON
GAS
HAMMA HAMID / BN 3837







0
618,0000
0,00
200,00
200,00

0,0000
0,0000

0
615,13
0,00
615,13
0



DO-36-RPS Tandobon
CHDO36RPS
1

0
0,0000
0
0
0,0000
0
0
0,0000
0
0
41110005


0
0


0
0


240626



0

0,00
#CHRE
2
240626

0,00
0,00
1
0

#CHEN
1
7
1
1
F36000021
240626
RPS Tandobon



41110024
DO-36-RPS Tandobon
ETS Oudou Younoussa
1
0
0,000000
41110024
1
1
0






CHDO36RPS
1
21
11
1
1
1
0
0,0000
0,0000
1
0
2
4111000
07:58:57



0


0
0,00
0
0
0,00
0
0,0000
0
0
0,0000
0
0
0,0000
0
0



0
0
0




#CHLI
RPS TONDOBON
GAS
HOUDOU YOUNOUSSA / BY 1319







0
618,0000
0,00
660,00
660,00

0,0000
0,0000

0
615,13
0,00
615,13
0



DO-36-RPS Tandobon
CHDO36RPS
1

0
0,0000
0
0
0,0000
0
0
0,0000
0
0
41110024


0
0


0
0


240626



0

0,00
#CHLI
RPS TONDOBON
GAS
HOUDOU YOUNOUSSA /BX 0599







0
618,0000
0,00
660,00
660,00

0,0000
0,0000

0
615,13
0,00
615,13
0



DO-36-RPS Tandobon
CHDO36RPS
1

0
0,0000
0
0
0,0000
0
0
0,0000
0
0
41110024


0
0


0
0


240626



0

0,00
#CHLI
RPS TONDOBON
GAS
HOUDOU YOUNOUSSA /BX 0621







0
618,0000
0,00
564,00
564,00

0,0000
0,0000

0
615,13
0,00
615,13
0



DO-36-RPS Tandobon
CHDO36RPS
1

0
0,0000
0
0
0,0000
0
0
0,0000
0
0
41110024


0
0


0
0


240626



0

0,00
#CHLI
RPS TONDOBON
GAS
HOUDOU YOUNOUSSA /AC 0971







0
618,0000
0,00
264,00
264,00

0,0000
0,0000

0
615,13
0,00
615,13
0



DO-36-RPS Tandobon
CHDO36RPS
1

0
0,0000
0
0
0,0000
0
0
0,0000
0
0
41110024


0
0


0
0


240626



0

0,00
#CHRE
2
240626

0,00
0,00
1
0

#CHEN
1
7
1
1
F36000022
240626
RPS Tandobon



41120026
DO-36-RPS Tandobon
Rimbo Transport
1
0
0,000000
41120026
1
1
0






CHDO36RPS
1
21
11
1
1
1
0
0,0000
0,0000
1
0
2
4112000
08:04:31



0


0
0,00
0
0
0,00
0
0,0000
0
0
0,0000
0
0
0,0000
0
0



0
0
0




#CHLI
RPS TONDOBON
GAS
RIMBO TRANSPORT /N* 38018 / BD 6236







0
618,0000
0,00
300,00
300,00

0,0000
0,0000

0
615,13
0,00
615,13
0



DO-36-RPS Tandobon
CHDO36RPS
1

0
0,0000
0
0
0,0000
0
0
0,0000
0
0
41120026


0
0


0
0


240626



0

0,00
#CHLI
RPS TONDOBON
GAS
RIMBO TRANSPORT /N* 38016/ BA 0613







0
618,0000
0,00
150,00
150,00

0,0000
0,0000

0
615,13
0,00
615,13
0



DO-36-RPS Tandobon
CHDO36RPS
1

0
0,0000
0
0
0,0000
0
0
0,0000
0
0
41120026


0
0


0
0


240626



0

0,00
#CHLI
RPS TONDOBON
GAS
RIMBO TRANSPORT / N* 38017/ BD 6228







0
618,0000
0,00
180,01
180,01

0,0000
0,0000

0
615,13
0,00
615,13
0



DO-36-RPS Tandobon
CHDO36RPS
1

0
0,0000
0
0
0,0000
0
0
0,0000
0
0
41120026


0
0


0
0


240626



0

0,00
#CHRE
2
240626

0,00
0,00
1
0

#CHEN
1
7
1
1
F04000003
240626
RPS04TESSAOUA



41180004
MI-04-RPS Tessaoua
Clts CASH-RPS-Tessaoua
1
0
0,000000
41180004
1
1
0







1
21
11
1
1
1
0
0,0000
0,0000
1
0
2
4118000
07:19:59



0


0
0
0
0
0
0
0,0000
0
0
0,0000
0
0
0,0000
0
0



0
0
0




#CHLI
RPS04TESSAOUA
GAS
GASOIL







0
618,0000
0,00
262,59
262,59

0,0000
0,0000

0
0,00
0
0,00
0



MI-04-RPS Tessaoua

1

0
0,0000
0
0
0,0000
0
0
0,0000
0
0
41180004


0
0


0
0


240626



0

0,00
#CHRE
2
240626

0
0
1
0

#CHEN
1
7
1
1
F04000004
240626
RPS04TESSAOUA



41120042
MI-04-RPS Tessaoua
ZAMANI TELECOM
1
0
0,000000
41120042
1
1
0







1
21
11
1
1
1
0
0,0000
0,0000
1
0
2
4112000
07:20:46



0


0
0
0
0
0
0
0,0000
0
0
0,0000
0
0
0,0000
0
0



0
0
0




#CHLI
RPS04TESSAOUA
GAS
BIDON







0
618,0000
0,00
1000,00
1000,00

0,0000
0,0000

0
0,00
0
0,00
0



MI-04-RPS Tessaoua

1

0
0,0000
0
0
0,0000
0
0
0,0000
0
0
41120042


0
0


0
0


240626



0

0,00
#CHLI
RPS04TESSAOUA
GAS
BIDON







0
618,0000
0,00
500,00
500,00

0,0000
0,0000

0
0,00
0
0,00
0



MI-04-RPS Tessaoua

1

0
0,0000
0
0
0,0000
0
0
0,0000
0
0
41120042


0
0


0
0


240626



0

0,00
#CHLI
RPS04TESSAOUA
GAS
BIDON







0
618,0000
0,00
600,00
600,00

0,0000
0,0000

0
0,00
0
0,00
0



MI-04-RPS Tessaoua

1

0
0,0000
0
0
0,0000
0
0
0,0000
0
0
41120042


0
0


0
0


240626



0

0,00
#CHRE
2
240626

0
0
1
0

#CHEN
1
7
1
1
F12000017
240626
RPSMARADI12



41180012
MI-12-RPS Maradi
Clts CASH-RPS-Maradi
1
0
0,000000
41180012
1
1
0






CHMI12RPS
1
21
11
1
1
1
0
0,0000
0,0000
1
0
2
4118000
07:44:34



0


0
0
0
0
0
0
0,0000
0
0
0,0000
0
0
0,0000
0
0



0
0
0




#CHLI
RPSMARADI12
GAS
GASOIL







0
618,0000
0,00
362,35
362,35

0,0000
0,0000

0
494,00
0
494,00
0



MI-12-RPS Maradi
CHMI12RPS
1

0
0,0000
0
0
0,0000
0
0
0,0000
0
0
41180012


0
0


0
0


240626



0

0,00
#CHRE
2
240626

0
0
1
0

#CHEN
1
7
1
1
F12000018
240626
RPSMARADI12



41120042
MI-12-RPS Maradi
ZAMANI TELECOM
1
0
0,000000
41120042
1
1
0






CHMI12RPS
1
21
11
1
1
1
0
0,0000
0,0000
1
0
2
4112000
07:45:34



0


0
0
0
0
0
0
0,0000
0
0
0,0000
0
0
0,0000
0
0



0
0
0




#CHLI
RPSMARADI12
GAS
AX 5089 RN







0
618,0000
0,00
600,00
600,00

0,0000
0,0000

0
494,00
0
494,00
0



MI-12-RPS Maradi
CHMI12RPS
1

0
0,0000
0
0
0,0000
0
0
0,0000
0
0
41120042


0
0


0
0


240626



0

0,00
#CHRE
2
240626

0
0
1
0

#CHEN
1
7
1
1
F12000019
240626
RPSMARADI12



41110075
MI-12-RPS Maradi
SINOMA CARGO
1
0
0,000000
41110075
1
1
0






CHMI12RPS
1
21
11
1
1
1
0
0,0000
0,0000
1
0
2
4111000
07:46:09



0


0
0
0
0
0
0
0,0000
0
0
0,0000
0
0
0,0000
0
0



0
0
0




#CHLI
RPSMARADI12
GAS
T 96







0
618,0000
0,00
314,00
314,00

0,0000
0,0000

0
494,00
0
494,00
0



MI-12-RPS Maradi
CHMI12RPS
1

0
0,0000
0
0
0,0000
0
0
0,0000
0
0
41110075


0
0


0
0


240626



0

0,00
#CHLI
RPSMARADI12
GAS
T 100







0
618,0000
0,00
314,00
314,00

0,0000
0,0000

0
494,00
0
494,00
0



MI-12-RPS Maradi
CHMI12RPS
1

0
0,0000
0
0
0,0000
0
0
0,0000
0
0
41110075


0
0


0
0


240626



0

0,00
#CHLI
RPSMARADI12
GAS
T 94







0
618,0000
0,00
314,00
314,00

0,0000
0,0000

0
494,00
0
494,00
0



MI-12-RPS Maradi
CHMI12RPS
1

0
0,0000
0
0
0,0000
0
0
0,0000
0
0
41110075


0
0


0
0


240626



0

0,00
#CHLI
RPSMARADI12
GAS
T 47







0
618,0000
0,00
308,00
308,00

0,0000
0,0000

0
494,00
0
494,00
0



MI-12-RPS Maradi
CHMI12RPS
1

0
0,0000
0
0
0,0000
0
0
0,0000
0
0
41110075


0
0


0
0


240626



0

0,00
#CHRE
2
240626

0
0
1
0

#CHEN
1
7
1
1
F12000020
240626
RPSMARADI12



41120025
MI-12-RPS Maradi
Techni Consult
1
0
0,000000
41120025
1
1
0






CHMI12RPS
1
21
11
1
1
1
0
0,0000
0,0000
1
0
2
4112000
07:47:01



0


0
0
0
0
0
0
0,0000
0
0
0,0000
0
0
0,0000
0
0



0
0
0




#CHLI
RPSMARADI12
GAS
IT 03130 RN







0
618,0000
0,00
49,05
49,05

0,0000
0,0000

0
494,00
0
494,00
0



MI-12-RPS Maradi
CHMI12RPS
1

0
0,0000
0
0
0,0000
0
0
0,0000
0
0
41120025


0
0


0
0


240626



0

0,00
#CHRE
2
240626

0
0
1
0

#CHEN
1
7
1
1
F12000021
240626
RPSMARADI12



41120050
MI-12-RPS Maradi
SSN
1
0
0,000000
41120050
1
1
0






CHMI12RPS
1
21
11
1
1
1
0
0,0000
0,0000
1
0
2
4112000
07:48:07



0


0
0
0
0
0
0
0,0000
0
0
0,0000
0
0
0,0000
0
0



0
0
0




#CHLI
RPSMARADI12
GAS
AV 9527 RN







0
618,0000
0,00
86,69
86,69

0,0000
0,0000

0
494,00
0
494,00
0



MI-12-RPS Maradi
CHMI12RPS
1

0
0,0000
0
0
0,0000
0
0
0,0000
0
0
41120050


0
0


0
0


240626



0

0,00
#CHRE
2
240626

0
0
1
0

#CHEN
1
7
1
1
F12000022
240626
RPSMARADI12



41110093
MI-12-RPS Maradi
Boubacar Ahmadou
1
0
0,000000
41110093
1
1
0






CHMI12RPS
1
21
11
1
1
1
0
0,0000
0,0000
1
0
2
4111000
07:48:48



0


0
0
0
0
0
0
0,0000
0
0
0,0000
0
0
0,0000
0
0



0
0
0




#CHLI
RPSMARADI12
GAS
BV 8451 RN







0
618,0000
0,00
43,61
43,61

0,0000
0,0000

0
494,00
0
494,00
0



MI-12-RPS Maradi
CHMI12RPS
1

0
0,0000
0
0
0,0000
0
0
0,0000
0
0
41110093


0
0


0
0


240626



0

0,00
#CHRE
2
240626

0
0
1
0

#CHEN
1
7
1
1
F12000023
240626
RPSMARADI12



41120043
MI-12-RPS Maradi
SOTCO COURSE
1
0
0,000000
41120043
1
1
0






CHMI12RPS
1
21
11
1
1
1
0
0,0000
0,0000
1
0
2
4112000
07:49:27



0


0
0
0
0
0
0
0,0000
0
0
0,0000
0
0
0,0000
0
0



0
0
0




#CHLI
RPSMARADI12
GAS
CG 7846 RN







0
618,0000
0,00
50,00
50,00

0,0000
0,0000

0
494,00
0
494,00
0



MI-12-RPS Maradi
CHMI12RPS
1

0
0,0000
0
0
0,0000
0
0
0,0000
0
0
41120043


0
0


0
0


240626



0

0,00
#CHRE
2
240626

0
0
1
0

#CHEN
1
7
1
1
F46000002
240626
RPSG-ROUMDJI



41180046
MI-46-RPS Guidan Roumdji
Clts CASH-RPS-Guidan Roumdji
1
0
0,000000
41180046
1
1
0






CHMI46RPS
1
21
11
1
1
1
0
0,0000
0,0000
1
0
2
4118000
07:12:44



0


0
0
0
0
0
0
0,0000
0
0
0,0000
0
0
0,0000
0
0



0
0
0




#CHLI
RPSG-ROUMDJI
GAS
GASOIL







0
618,0000
0,00
84,24
84,24

0,0000
0,0000

0
606,17
0
606,17
0



MI-46-RPS Guidan Roumdji
CHMI46RPS
1

0
0,0000
0
0
0,0000
0
0
0,0000
0
0
41180046


0
0


0
0


240626



0

0,00
#CHLI
RPSG-ROUMDJI
SUP
SUPER







0
499,0000
0,00
8766,82
8766,82

0,0000
0,0000

0
488,33
0
488,33
0



MI-46-RPS Guidan Roumdji
CHMI46RPS
1

0
0,0000
0
0
0,0000
0
0
0,0000
0
0
41180046


0
0


0
0


240626



0

0,00
#CHRE
2
240626

0
0
1
0

#CHEN
1
7
1
1
F46000003
240626
RPSG-ROUMDJI



41120044
MI-46-RPS Guidan Roumdji
SCI Guidan Roumdi
1
0
0,000000
41120044
1
1
0






CHMI46RPS
1
21
11
1
1
1
0
0,0000
0,0000
1
0
2
4112000
07:13:20



0


0
0
0
0
0
0
0,0000
0
0
0,0000
0
0
0,0000
0
0



0
0
0




#CHLI
RPSG-ROUMDJI
GAS
4A 0217 RN







0
618,0000
0,00
30,00
30,00

0,0000
0,0000

0
606,17
0
606,17
0



MI-46-RPS Guidan Roumdji
CHMI46RPS
1

0
0,0000
0
0
0,0000
0
0
0,0000
0
0
41120044


0
0


0
0


240626



0

0,00
#CHRE
2
240626

0
0
1
0

#CHEN
1
7
1
1
F46000004
240626
RPSG-ROUMDJI



41120050
MI-46-RPS Guidan Roumdji
SSN
1
0
0,000000
41120050
1
1
0






CHMI46RPS
1
21
11
1
1
1
0
0,0000
0,0000
1
0
2
4112000
07:13:50



0


0
0
0
0
0
0
0,0000
0
0
0,0000
0
0
0,0000
0
0



0
0
0




#CHLI
RPSG-ROUMDJI
SUP
BA 4253 RN







0
499,0000
0,00
4,02
4,02

0,0000
0,0000

0
488,33
0
488,33
0



MI-46-RPS Guidan Roumdji
CHMI46RPS
1

0
0,0000
0
0
0,0000
0
0
0,0000
0
0
41120050


0
0


0
0


240626



0

0,00
#CHLI
RPSG-ROUMDJI
SUP
BA 4253 RN







0
499,0000
0,00
8,01
8,01

0,0000
0,0000

0
488,33
0
488,33
0



MI-46-RPS Guidan Roumdji
CHMI46RPS
1

0
0,0000
0
0
0,0000
0
0
0,0000
0
0
41120050


0
0


0
0


240626



0

0,00
#CHLI
RPSG-ROUMDJI
SUP
BIDONS







0
499,0000
0,00
25,05
25,05

0,0000
0,0000

0
488,33
0
488,33
0



MI-46-RPS Guidan Roumdji
CHMI46RPS
1

0
0,0000
0
0
0,0000
0
0
0,0000
0
0
41120050


0
0


0
0


240626



0

0,00
#CHLI
RPSG-ROUMDJI
SUP
BA 1910 RN







0
499,0000
0,00
7,01
7,01

0,0000
0,0000

0
488,33
0
488,33
0



MI-46-RPS Guidan Roumdji
CHMI46RPS
1

0
0,0000
0
0
0,0000
0
0
0,0000
0
0
41120050


0
0


0
0


240626



0

0,00
#CHLI
RPSG-ROUMDJI
SUP
BA 4292 RN







0
499,0000
0,00
6,01
6,01

0,0000
0,0000

0
488,33
0
488,33
0



MI-46-RPS Guidan Roumdji
CHMI46RPS
1

0
0,0000
0
0
0,0000
0
0
0,0000
0
0
41120050


0
0


0
0


240626



0

0,00
#CHLI
RPSG-ROUMDJI
SUP
BA 4251 RN







0
499,0000
0,00
8,02
8,02

0,0000
0,0000

0
488,33
0
488,33
0



MI-46-RPS Guidan Roumdji
CHMI46RPS
1

0
0,0000
0
0
0,0000
0
0
0,0000
0
0
41120050


0
0


0
0


240626



0

0,00
#CHLI
RPSG-ROUMDJI
SUP
BA 1871 RN







0
499,0000
0,00
7,01
7,01

0,0000
0,0000

0
488,33
0
488,33
0



MI-46-RPS Guidan Roumdji
CHMI46RPS
1

0
0,0000
0
0
0,0000
0
0
0,0000
0
0
41120050


0
0


0
0


240626



0

0,00
#CHLI
RPSG-ROUMDJI
SUP
BA 1907 RN







0
499,0000
0,00
7,01
7,01

0,0000
0,0000

0
488,33
0
488,33
0



MI-46-RPS Guidan Roumdji
CHMI46RPS
1

0
0,0000
0
0
0,0000
0
0
0,0000
0
0
41120050


0
0


0
0


240626



0

0,00
#CHLI
RPSG-ROUMDJI
SUP
BA 1914 RN







0
499,0000
0,00
4,01
4,01

0,0000
0,0000

0
488,33
0
488,33
0



MI-46-RPS Guidan Roumdji
CHMI46RPS
1

0
0,0000
0
0
0,0000
0
0
0,0000
0
0
41120050


0
0


0
0


240626



0

0,00
#CHLI
RPSG-ROUMDJI
SUP
BA 1875 RN







0
499,0000
0,00
10,02
10,02

0,0000
0,0000

0
488,33
0
488,33
0



MI-46-RPS Guidan Roumdji
CHMI46RPS
1

0
0,0000
0
0
0,0000
0
0
0,0000
0
0
41120050


0
0


0
0


240626



0

0,00
#CHLI
RPSG-ROUMDJI
SUP
BA 1901 RN







0
499,0000
0,00
8,02
8,02

0,0000
0,0000

0
488,33
0
488,33
0



MI-46-RPS Guidan Roumdji
CHMI46RPS
1

0
0,0000
0
0
0,0000
0
0
0,0000
0
0
41120050


0
0


0
0


240626



0

0,00
#CHLI
RPSG-ROUMDJI
SUP
BA 1969 RN







0
499,0000
0,00
6,01
6,01

0,0000
0,0000

0
488,33
0
488,33
0



MI-46-RPS Guidan Roumdji
CHMI46RPS
1

0
0,0000
0
0
0,0000
0
0
0,0000
0
0
41120050


0
0


0
0


240626



0

0,00
#CHLI
RPSG-ROUMDJI
SUP
BA 1905 RN







0
499,0000
0,00
10,02
10,02

0,0000
0,0000

0
488,33
0
488,33
0



MI-46-RPS Guidan Roumdji
CHMI46RPS
1

0
0,0000
0
0
0,0000
0
0
0,0000
0
0
41120050


0
0


0
0


240626



0

0,00
#CHLI
RPSG-ROUMDJI
SUP
BA 1873 RN







0
499,0000
0,00
2,01
2,01

0,0000
0,0000

0
488,33
0
488,33
0



MI-46-RPS Guidan Roumdji
CHMI46RPS
1

0
0,0000
0
0
0,0000
0
0
0,0000
0
0
41120050


0
0


0
0


240626



0

0,00
#CHLI
RPSG-ROUMDJI
SUP
BA 4245 RN







0
499,0000
0,00
11,02
11,02

0,0000
0,0000

0
488,33
0
488,33
0



MI-46-RPS Guidan Roumdji
CHMI46RPS
1

0
0,0000
0
0
0,0000
0
0
0,0000
0
0
41120050


0
0


0
0


240626



0

0,00
#CHLI
RPSG-ROUMDJI
SUP
BA 1906 RN







0
499,0000
0,00
9,02
9,02

0,0000
0,0000

0
488,33
0
488,33
0



MI-46-RPS Guidan Roumdji
CHMI46RPS
1

0
0,0000
0
0
0,0000
0
0
0,0000
0
0
41120050


0
0


0
0


240626



0

0,00
#CHLI
RPSG-ROUMDJI
SUP
BA 1879 RN







0
499,0000
0,00
8,01
8,01

0,0000
0,0000

0
488,33
0
488,33
0



MI-46-RPS Guidan Roumdji
CHMI46RPS
1

0
0,0000
0
0
0,0000
0
0
0,0000
0
0
41120050


0
0


0
0


240626



0

0,00
#CHLI
RPSG-ROUMDJI
SUP
BA 1911 RN







0
499,0000
0,00
10,02
10,02

0,0000
0,0000

0
488,33
0
488,33
0



MI-46-RPS Guidan Roumdji
CHMI46RPS
1

0
0,0000
0
0
0,0000
0
0
0,0000
0
0
41120050


0
0


0
0


240626



0

0,00
#CHLI
RPSG-ROUMDJI
SUP
BA 1970 RN







0
499,0000
0,00
5,01
5,01

0,0000
0,0000

0
488,33
0
488,33
0



MI-46-RPS Guidan Roumdji
CHMI46RPS
1

0
0,0000
0
0
0,0000
0
0
0,0000
0
0
41120050


0
0


0
0


240626



0

0,00
#CHRE
2
240626

0
0
1
0

#CHEN
1
7
1
1
F47000002
240626
RPS MAYAHI



41180047
MI-47-RPS Mayahi

1
0
0,000000
41180047
1
1
0







1
21
11
1
1
1
0
0,0000
0,0000
1
0
2
4118000
07:11:11



0


0
0
0
0
0
0
0,0000
0
0
0,0000
0
0
0,0000
0
0



0
0
0




#CHLI
RPS MAYAHI
GAS
GASOIL







0
618,0000
0,00
1471,62
1471,62

0,0000
0,0000

0
570,50
0
570,50
0



MI-47-RPS Mayahi

1

0
0,0000
0
0
0,0000
0
0
0,0000
0
0
41180047


0
0


0
0


240626



0

0,00
#CHLI
RPS MAYAHI
SUP
SUPER







0
499,0000
0,00
79,57
79,57

0,0000
0,0000

0
464,50
0
464,50
0



MI-47-RPS Mayahi

1

0
0,0000
0
0
0,0000
0
0
0,0000
0
0
41180047


0
0


0
0


240626



0

0,00
#CHRE
2
240626

0
0
1
0

#CHEN
1
7
1
1
F08TS0001
240626
RPS DIRECTION



41180008
NY-08-RPS Direction
Clts CASH-RPS-Direction
1
0
0,000000
41180008
1
1
0






CHNY08RPS
1
21
11
1
1
1
0
0,0000
0,0000
1
0
2
4118000
07:20:57



0


0
0,00
0
0
0,00
0
0,0000
0
0
0,0000
0
0
0,0000
0
0



0
0
0




#CHLI
RPS DIRECTION
GAS
GASOIL







0
618,0000
0,00
230,00
230,00

0,0000
0,0000

0
570,50
0,00
570,50
0



NY-08-RPS Direction
CHNY08RPS
1

0
0,0000
0
0
0,0000
0
0
0,0000
0
0
41180008


0
0


0
0


240626



0

0,00
#CHLI
RPS DIRECTION
SUP
SUPER







0
499,0000
0,00
1282,65
1282,65

0,0000
0,0000

0
464,86
0,00
464,86
0



NY-08-RPS Direction
CHNY08RPS
1

0
0,0000
0
0
0,0000
0
0
0,0000
0
0
41180008


0
0


0
0


240626



0

0,00
#CHRE
2
240626

0,00
0,00
1
0

#CHEN
1
7
1
1
F11009808
240626
RPS YANTALA



41180011
NY-11-RPS Yantala
Clts CASH-RPS-Yantala
1
0
0,000000
41180011
1
1
0






CHNY11RPS
1
21
11
1
1
1
0
0,0000
0,0000
1
0
2
4118000
07:54:34



0


0
0
0
0
0
0
0,0000
0
0
0,0000
0
0
0,0000
0
0



0
0
0




#CHLI
RPS YANTALA
GAS
GASOIL







0
618,0000
0,00
316,56
316,56

0,0000
0,0000

0
570,50
0
570,50
0



NY-11-RPS Yantala
CHNY11RPS
1

0
0,0000
0
0
0,0000
0
0
0,0000
0
0
41180011


0
0


0
0


240626



0

0,00
#CHLI
RPS YANTALA
SUP
SUPER







0
499,0000
0,00
2558,10
2558,10

0,0000
0,0000

0
464,86
0
464,86
0



NY-11-RPS Yantala
CHNY11RPS
1

0
0,0000
0
0
0,0000
0
0
0,0000
0
0
41180011


0
0


0
0


240626



0

0,00
#CHRE
2
240626

0
0
1
0

#CHEN
1
7
1
1
F13000003
240626
RPS KOUBIA



41120050
NY-13-RPS Koubia
SSN
1
0
0,000000
41120050
1
1
0







1
21
11
1
1
1
0
0,0000
0,0000
1
0
2
4112000
07:58:24



0


0
0,00
0
0
0,00
0
0,0000
0
0
0,0000
0
0
0,0000
0
0



0
0
0




#CHLI
RPS KOUBIA
SUP
SUPER







0
499,0000
0,00
6,01
6,01

0,0000
0,0000

0
440,00
0,00
440,00
0



NY-13-RPS Koubia

1

0
0,0000
0
0
0,0000
0
0
0,0000
0
0
41120050


0
0


0
0


240626



0

0,00
#CHRE
2
240626

0,00
0,00
1
0

#CHEN
1
7
1
1
F13000004
240626
RPS KOUBIA



41180013
NY-13-RPS Koubia
Clts CASH-RPS-Koubia
1
0
0,000000
41180013
1
1
0







1
21
11
1
1
1
0
0,0000
0,0000
1
0
2
4118000
07:59:00



0


0
0,00
0
0
0,00
0
0,0000
0
0
0,0000
0
0
0,0000
0
0



0
0
0




#CHLI
RPS KOUBIA
SUP
SUPER







0
499,0000
0,00
3082,32
3082,32

0,0000
0,0000

0
440,00
0,00
440,00
0



NY-13-RPS Koubia

1

0
0,0000
0
0
0,0000
0
0
0,0000
0
0
41180013


0
0


0
0


240626



0

0,00
#CHRE
2
240626

0,00
0,00
1
0

#CHEN
1
7
1
1
F14TS0001
240626
RPS SOREY



41120013
NY-14-RPS Sorey
Indien Jainata Di
1
0
0,000000
41120013
1
1
0







1
21
11
1
1
1
0
0,0000
0,0000
1
0
2
4112000
10:28:17



0


0
0
0
0
0
0
0,0000
0
0
0,0000
0
0
0,0000
0
0



0
0
0




#CHLI
RPS SOREY
GAS
BON-Nø69553/AQ-5183 RN







0
618,0000
0,00
300,00
300,00

0,0000
0,0000

0
0,00
0
0,00
0



NY-14-RPS Sorey

1

0
0,0000
0
0
0,0000
0
0
0,0000
0
0
41120013


0
0


0
0


240626



0

0,00
#CHRE
2
240626

0
0
1
0

#CHEN
1
7
1
1
F14TS0002
240626
RPS SOREY



41180014
NY-14-RPS Sorey

1
0
0,000000
41180014
1
1
0







1
21
11
1
1
1
0
0,0000
0,0000
1
0
2
4118000
23:37:31



0


0
0
0
0
0
0
0,0000
0
0
0,0000
0
0
0,0000
0
0



0
0
0




#CHLI
RPS SOREY
GAS
GASOIL







0
618,0000
0,00
242,72
242,72

0,0000
0,0000

0
0,00
0
0,00
0



NY-14-RPS Sorey

1

0
0,0000
0
0
0,0000
0
0
0,0000
0
0
41180014


0
0


0
0


240626



0

0,00
#CHLI
RPS SOREY
SUP
SUPER







0
499,0000
0,00
192,37
192,37

0,0000
0,0000

0
0,00
0
0,00
0



NY-14-RPS Sorey

1

0
0,0000
0
0
0,0000
0
0
0,0000
0
0
41180014


0
0


0
0


240626



0

0,00
#CHRE
2
240626

0
0
1
0

#CHEN
1
7
1
1
F14TS0003
240626
RPS SOREY



41110024
NY-14-RPS Sorey
ETS Oudou Younoussa
1
0
0,000000
41110024
1
1
0







1
21
11
1
1
1
0
0,0000
0,0000
1
0
2
4111000
23:38:13



0


0
0
0
0
0
0
0,0000
0
0
0,0000
0
0
0,0000
0
0



0
0
0




#CHLI
RPS SOREY
GAS
BON-Nø69296/AC-2667 RN







0
618,0000
0,00
150,00
150,00

0,0000
0,0000

0
0,00
0
0,00
0



NY-14-RPS Sorey

1

0
0,0000
0
0
0,0000
0
0
0,0000
0
0
41110024


0
0


0
0


240626



0

0,00
#CHLI
RPS SOREY
GAS
BON-Nø69295/AC-2057 RN







0
618,0000
0,00
150,00
150,00

0,0000
0,0000

0
0,00
0
0,00
0



NY-14-RPS Sorey

1

0
0,0000
0
0
0,0000
0
0
0,0000
0
0
41110024


0
0


0
0


240626



0

0,00
#CHLI
RPS SOREY
GAS
BON-Nø69294/BJ-8097 RN







0
618,0000
0,00
150,00
150,00

0,0000
0,0000

0
0,00
0
0,00
0



NY-14-RPS Sorey

1

0
0,0000
0
0
0,0000
0
0
0,0000
0
0
41110024


0
0


0
0


240626



0

0,00
#CHLI
RPS SOREY
GAS
BON-Nø69292/BX-0611 RN







0
618,0000
0,00
300,00
300,00

0,0000
0,0000

0
0,00
0
0,00
0



NY-14-RPS Sorey

1

0
0,0000
0
0
0,0000
0
0
0,0000
0
0
41110024


0
0


0
0


240626



0

0,00
#CHLI
RPS SOREY
GAS
BON-Nø69293/AC-2057 RN







0
618,0000
0,00
50,00
50,00

0,0000
0,0000

0
0,00
0
0,00
0



NY-14-RPS Sorey

1

0
0,0000
0
0
0,0000
0
0
0,0000
0
0
41110024


0
0


0
0


240626



0

0,00
#CHLI
RPS SOREY
GAS
BON-Nø69291/BV-7732 RN







0
618,0000
0,00
300,00
300,00

0,0000
0,0000

0
0,00
0
0,00
0



NY-14-RPS Sorey

1

0
0,0000
0
0
0,0000
0
0
0,0000
0
0
41110024


0
0


0
0


240626



0

0,00
#CHLI
RPS SOREY
GAS
BON-Nø69290/BX-1975 RN







0
618,0000
0,00
300,00
300,00

0,0000
0,0000

0
0,00
0
0,00
0



NY-14-RPS Sorey

1

0
0,0000
0
0
0,0000
0
0
0,0000
0
0
41110024


0
0


0
0


240626



0

0,00
#CHLI
RPS SOREY
GAS
BON-Nø69288/BJ-8159 RN







0
618,0000
0,00
300,00
300,00

0,0000
0,0000

0
0,00
0
0,00
0



NY-14-RPS Sorey

1

0
0,0000
0
0
0,0000
0
0
0,0000
0
0
41110024


0
0


0
0


240626



0

0,00
#CHLI
RPS SOREY
GAS
BON-Nø69287/BC-3508 RN







0
618,0000
0,00
300,00
300,00

0,0000
0,0000

0
0,00
0
0,00
0



NY-14-RPS Sorey

1

0
0,0000
0
0
0,0000
0
0
0,0000
0
0
41110024


0
0


0
0


240626



0

0,00
#CHLI
RPS SOREY
GAS
BON-Nø69286/BJ-8124 RN







0
618,0000
0,00
300,00
300,00

0,0000
0,0000

0
0,00
0
0,00
0



NY-14-RPS Sorey

1

0
0,0000
0
0
0,0000
0
0
0,0000
0
0
41110024


0
0


0
0


240626



0

0,00
#CHLI
RPS SOREY
GAS
BON-Nø69285/BJ-8084 RN







0
618,0000
0,00
300,00
300,00

0,0000
0,0000

0
0,00
0
0,00
0



NY-14-RPS Sorey

1

0
0,0000
0
0
0,0000
0
0
0,0000
0
0
41110024


0
0


0
0


240626



0

0,00
#CHLI
RPS SOREY
GAS
BON-Nø69284/BX-4805 RN







0
618,0000
0,00
300,00
300,00

0,0000
0,0000

0
0,00
0
0,00
0



NY-14-RPS Sorey

1

0
0,0000
0
0
0,0000
0
0
0,0000
0
0
41110024


0
0


0
0


240626



0

0,00
#CHLI
RPS SOREY
GAS
BON-Nø58369/BV-7732 RN







0
618,0000
0,00
25,00
25,00

0,0000
0,0000

0
0,00
0
0,00
0



NY-14-RPS Sorey

1

0
0,0000
0
0
0,0000
0
0
0,0000
0
0
41110024


0
0


0
0


240626



0

0,00
#CHLI
RPS SOREY
GAS
BON-Nø69552/BJ-8089 RN







0
618,0000
0,00
150,00
150,00

0,0000
0,0000

0
0,00
0
0,00
0



NY-14-RPS Sorey

1

0
0,0000
0
0
0,0000
0
0
0,0000
0
0
41110024


0
0


0
0


240626



0

0,00
#CHLI
RPS SOREY
GAS
BON-Nø69551/BJ-8786 RN







0
618,0000
0,00
150,00
150,00

0,0000
0,0000

0
0,00
0
0,00
0



NY-14-RPS Sorey

1

0
0,0000
0
0
0,0000
0
0
0,0000
0
0
41110024


0
0


0
0


240626



0

0,00
#CHLI
RPS SOREY
GAS
BON-Nø69556/BY-1321 RN







0
618,0000
0,00
150,00
150,00

0,0000
0,0000

0
0,00
0
0,00
0



NY-14-RPS Sorey

1

0
0,0000
0
0
0,0000
0
0
0,0000
0
0
41110024


0
0


0
0


240626



0

0,00
#CHLI
RPS SOREY
GAS
BON-Nø69297/BC-2703 RN







0
618,0000
0,00
150,00
150,00

0,0000
0,0000

0
0,00
0
0,00
0



NY-14-RPS Sorey

1

0
0,0000
0
0
0,0000
0
0
0,0000
0
0
41110024


0
0


0
0


240626



0

0,00
#CHLI
RPS SOREY
GAS
BON-Nø69555/AP-1599 RN







0
618,0000
0,00
150,00
150,00

0,0000
0,0000

0
0,00
0
0,00
0



NY-14-RPS Sorey

1

0
0,0000
0
0
0,0000
0
0
0,0000
0
0
41110024


0
0


0
0


240626



0

0,00
#CHRE
2
240626

0
0
1
0

#CHEN
1
7
1
1
F14TS0004
240626
RPS SOREY



41129008
NY-14-RPS Sorey
MOKO LOGISTIQUE
1
0
0,000000
41129008
1
1
0







1
21
11
1
1
1
0
0,0000
0,0000
1
0
2
4112000
23:47:11



0


0
0
0
0
0
0
0,0000
0
0
0,0000
0
0
0,0000
0
0



0
0
0




#CHLI
RPS SOREY
GAS
BON-Nø69289/BK-7151 RN







0
618,0000
0,00
300,00
300,00

0,0000
0,0000

0
0,00
0
0,00
0



NY-14-RPS Sorey

1

0
0,0000
0
0
0,0000
0
0
0,0000
0
0
41129008


0
0


0
0


240626



0

0,00
#CHRE
2
240626

0
0
1
0

#CHEN
1
7
1
1
F16007679
240626
RPS CITE-CAISSE



41180016
NY-16-RPS Cit‚ Caisse
Clts CASH-RPS-Cit‚ CAISSE
1
0
0,000000
41180016
1
1
0






CHNY16RPS
1
21
11
1
1
1
0
0,0000
0,0000
1
0
2
4118000
07:37:24



0


0
0
0
0
0
0
0,0000
0
0
0,0000
0
0
0,0000
0
0



0
0
0




#CHLI
RPS CITE-CAISSE
GAS
GASOIL







0
618,0000
0,00
225,24
225,24

0,0000
0,0000

0
618,50
0
618,50
0



NY-16-RPS Cit‚ Caisse
CHNY16RPS
1

0
0,0000
0
0
0,0000
0
0
0,0000
0
0
41180016


0
0


0
0


240626



0

0,00
#CHLI
RPS CITE-CAISSE
SUP
SUPER







0
499,0000
0,00
2492,44
2492,44

0,0000
0,0000

0
488,93
0
488,93
0



NY-16-RPS Cit‚ Caisse
CHNY16RPS
1

0
0,0000
0
0
0,0000
0
0
0,0000
0
0
41180016


0
0


0
0


240626



0

0,00
#CHRE
2
240626

0
0
1
0

#CHEN
1
7
1
1
F17000003
240626
RPS BCEAO



41180017
NY-17-RPS Bceao
Clts CASH-RPS-BECEAO
1
0
0,000000
41180017
1
1
0






CHNY17RPS
1
21
11
1
1
1
0
0,0000
0,0000
1
0
2
4118000
08:44:43



0


0
0
0
0
0
0
0,0000
0
0
0,0000
0
0
0,0000
0
0



0
0
0




#CHLI
RPS BCEAO
GAS
GASOIL







0
618,0000
0,00
229,30
229,30

0,0000
0,0000

0
570,50
0
570,50
0



NY-17-RPS Bceao
CHNY17RPS
1

0
0,0000
0
0
0,0000
0
0
0,0000
0
0
41180017


0
0


0
0


240626



0

0,00
#CHLI
RPS BCEAO
SUP
SUPER







0
499,0000
0,00
2269,50
2269,50

0,0000
0,0000

0
464,86
0
464,86
0



NY-17-RPS Bceao
CHNY17RPS
1

0
0,0000
0
0
0,0000
0
0
0,0000
0
0
41180017


0
0


0
0


240626



0

0,00
#CHRE
2
240626

0
0
1
0

#CHEN
1
7
1
1
F21008937
240626
RPS CITE PROGRES



41180021
NY-21-RPS Cit‚ ProgrŠs
Clts CASH-RPS-Cit‚-ProgrŠs
1
0
0,000000
41180021
1
1
0






CHNY21RPS
1
21
11
1
1
1
0
0,0000
0,0000
1
0
2
4118000
07:47:26



0


0
0
0
0
0
0
0,0000
0
0
0,0000
0
0
0,0000
0
0



0
0
0




#CHLI
RPS CITE PROGRES
GAS
GASOIL







0
618,0000
0,00
225,34
225,34

0,0000
0,0000

0
615,13
0
615,13
0



NY-21-RPS Cit‚ ProgrŠs
CHNY21RPS
1

0
0,0000
0
0
0,0000
0
0
0,0000
0
0
41180021


0
0


0
0


240626



0

0,00
#CHLI
RPS CITE PROGRES
SUP
SUPER







0
499,0000
0,00
2606,91
2606,91

0,0000
0,0000

0
488,93
0
488,93
0



NY-21-RPS Cit‚ ProgrŠs
CHNY21RPS
1

0
0,0000
0
0
0,0000
0
0
0,0000
0
0
41180021


0
0


0
0


240626



0

0,00
#CHRE
2
240626

0
0
1
0

#CHEN
1
7
1
1
F21008938
240626
RPS CITE PROGRES



41120050
NY-21-RPS Cit‚ ProgrŠs
SSN
1
0
0,000000
41120050
1
1
0






CHNY21RPS
1
21
11
1
1
1
0
0,0000
0,0000
1
0
2
4112000
07:48:36



0


0
0
0
0
0
0
0,0000
0
0
0,0000
0
0
0,0000
0
0



0
0
0




#CHLI
RPS CITE PROGRES
SUP
2025060962474426/CF1040RN







0
499,0000
0,00
1,00
1,00

0,0000
0,0000

0
488,93
0
488,93
0



NY-21-RPS Cit‚ ProgrŠs
CHNY21RPS
1

0
0,0000
0
0
0,0000
0
0
0,0000
0
0
41120050


0
0


0
0


240626



0

0,00
#CHLI
RPS CITE PROGRES
SUP
2025022861301183/BP3565RN







0
499,0000
0,00
10,02
10,02

0,0000
0,0000

0
488,93
0
488,93
0



NY-21-RPS Cit‚ ProgrŠs
CHNY21RPS
1

0
0,0000
0
0
0,0000
0
0
0,0000
0
0
41120050


0
0


0
0


240626



0

0,00
#CHRE
2
240626

0
0
1
0

#CHEN
1
7
1
1
F21008939
240626
RPS CITE PROGRES



41120059
NY-21-RPS Cit‚ ProgrŠs
YAHYA OULD AHMED
1
0
0,000000
41120059
1
1
0






CHNY21RPS
1
21
11
1
1
1
0
0,0000
0,0000
1
0
2
4112000
07:52:03



0


0
0
0
0
0
0
0,0000
0
0
0,0000
0
0
0,0000
0
0



0
0
0




#CHLI
RPS CITE PROGRES
GAS
34743/AB4909RN







0
618,0000
0,00
225,00
225,00

0,0000
0,0000

0
615,13
0
615,13
0



NY-21-RPS Cit‚ ProgrŠs
CHNY21RPS
1

0
0,0000
0
0
0,0000
0
0
0,0000
0
0
41120059


0
0


0
0


240626



0

0,00
#CHLI
RPS CITE PROGRES
GAS
34742/AK7586RN







0
618,0000
0,00
225,00
225,00

0,0000
0,0000

0
615,13
0
615,13
0



NY-21-RPS Cit‚ ProgrŠs
CHNY21RPS
1

0
0,0000
0
0
0,0000
0
0
0,0000
0
0
41120059


0
0


0
0


240626



0

0,00
#CHRE
2
240626

0
0
1
0

#CHEN
1
7
1
1
F21008940
240626
RPS CITE PROGRES



41110018
NY-21-RPS Cit‚ ProgrŠs
Ibrahim DIDI-R‚seau
1
0
0,000000
41110018
1
1
0






CHNY21RPS
1
21
11
1
1
1
0
0,0000
0,0000
1
0
2
4111000
07:53:32



0


0
0
0
0
0
0
0,0000
0
0
0,0000
0
0
0,0000
0
0



0
0
0




#CHLI
RPS CITE PROGRES
GAS
34736/BQ1020RN







0
618,0000
0,00
50,00
50,00

0,0000
0,0000

0
615,13
0
615,13
0



NY-21-RPS Cit‚ ProgrŠs
CHNY21RPS
1

0
0,0000
0
0
0,0000
0
0
0,0000
0
0
41110018


0
0


0
0


240626



0

0,00
#CHRE
2
240626

0
0
1
0

#CHEN
1
7
1
1
F21008941
240626
RPS CITE PROGRES



41120043
NY-21-RPS Cit‚ ProgrŠs
SOTCO-COURSE
1
0
0,000000
41120043
1
1
0






CHNY21RPS
1
21
11
1
1
1
0
0,0000
0,0000
1
0
2
4112000
07:54:40



0


0
0
0
0
0
0
0,0000
0
0
0,0000
0
0
0,0000
0
0



0
0
0




#CHLI
RPS CITE PROGRES
GAS
34735/BS7701RN







0
618,0000
0,00
40,00
40,00

0,0000
0,0000

0
615,13
0
615,13
0



NY-21-RPS Cit‚ ProgrŠs
CHNY21RPS
1

0
0,0000
0
0
0,0000
0
0
0,0000
0
0
41120043


0
0


0
0


240626



0

0,00
#CHLI
RPS CITE PROGRES
GAS
34740/BM2246RN







0
618,0000
0,00
40,00
40,00

0,0000
0,0000

0
615,13
0
615,13
0



NY-21-RPS Cit‚ ProgrŠs
CHNY21RPS
1

0
0,0000
0
0
0,0000
0
0
0,0000
0
0
41120043


0
0


0
0


240626



0

0,00
#CHLI
RPS CITE PROGRES
GAS
34741/AG6631RN







0
618,0000
0,00
40,00
40,00

0,0000
0,0000

0
615,13
0
615,13
0



NY-21-RPS Cit‚ ProgrŠs
CHNY21RPS
1

0
0,0000
0
0
0,0000
0
0
0,0000
0
0
41120043


0
0


0
0


240626



0

0,00
#CHLI
RPS CITE PROGRES
GAS
34739/BS7701RN







0
618,0000
0,00
40,00
40,00

0,0000
0,0000

0
615,13
0
615,13
0



NY-21-RPS Cit‚ ProgrŠs
CHNY21RPS
1

0
0,0000
0
0
0,0000
0
0
0,0000
0
0
41120043


0
0


0
0


240626



0

0,00
#CHLI
RPS CITE PROGRES
GAS
34738/BM2249RN







0
618,0000
0,00
40,00
40,00

0,0000
0,0000

0
615,13
0
615,13
0



NY-21-RPS Cit‚ ProgrŠs
CHNY21RPS
1

0
0,0000
0
0
0,0000
0
0
0,0000
0
0
41120043


0
0


0
0


240626



0

0,00
#CHLI
RPS CITE PROGRES
GAS
34737/CH6624RN







0
618,0000
0,00
40,00
40,00

0,0000
0,0000

0
615,13
0
615,13
0



NY-21-RPS Cit‚ ProgrŠs
CHNY21RPS
1

0
0,0000
0
0
0,0000
0
0
0,0000
0
0
41120043


0
0


0
0


240626



0

0,00
#CHRE
2
240626

0
0
1
0

#CHEN
1
7
1
1
F22000003
240626
RPS KOSSEY



41180022
NY-22-RPS-Kossey
Clts CASH-RPS-KOSSEY
1
0
0,000000
41180022
1
1
0






CHNY22RPS
1
21
11
1
1
1
0
0,0000
0,0000
1
0
2
4118000
06:52:16



0


0
0,00
0
0
0,00
0
0,0000
0
0
0,0000
0
0
0,0000
0
0



0
0
0




#CHLI
RPS KOSSEY
GAS
GASOIL







0
618,0000
0,00
149,71
149,71

0,0000
0,0000

0
605,00
0,00
605,00
0



NY-22-RPS-Kossey
CHNY22RPS
1

0
0,0000
0
0
0,0000
0
0
0,0000
0
0
41180022


0
0


0
0


240626



0

0,00
#CHLI
RPS KOSSEY
SUP
SUPER







0
499,0000
0,00
1188,95
1188,95

0,0000
0,0000

0
448,00
0,00
448,00
0



NY-22-RPS-Kossey
CHNY22RPS
1

0
0,0000
0
0
0,0000
0
0
0,0000
0
0
41180022


0
0


0
0


240626



0

0,00
#CHRE
2
240626

0,00
0,00
1
0

#CHEN
1
7
1
1
F22000004
240626
RPS KOSSEY



41120050
NY-22-RPS-Kossey
SSN
1
0
0,000000
41120050
1
1
0






CHNY22RPS
1
21
11
1
1
1
0
0,0000
0,0000
1
0
2
4112000
06:54:00



0


0
0,00
0
0
0,00
0
0,0000
0
0
0,0000
0
0
0,0000
0
0



0
0
0




#CHLI
RPS KOSSEY
SUP
SSN







0
499,0000
0,00
20,04
20,04

0,0000
0,0000

0
448,00
0,00
448,00
0



NY-22-RPS-Kossey
CHNY22RPS
1

0
0,0000
0
0
0,0000
0
0
0,0000
0
0
41120050


0
0


0
0


240626



0

0,00
#CHRE
2
240626

0,00
0,00
1
0

#CHEN
1
7
1
1
F24000004
240626
RPS BANIZOUMBOU 2



41180024
NY-24-RPS Route Rond Point Bar‚
Clts CASH-RPS-Rond Point Bar‚
1
0
0,000000
41180024
1
1
0







1
21
11
1
1
1
0
0,0000
0,0000
1
0
2
4118000
07:29:51



0


0
0
0
0
0
0
0,0000
0
0
0,0000
0
0
0,0000
0
0



0
0
0




#CHLI
RPS BANIZOUMBOU 2
GAS
GASOIL







0
618,0000
0,00
883,91
883,91

0,0000
0,0000

0
0,00
0
0,00
0



NY-24-RPS Route Rond Point Bar‚

1

0
0,0000
0
0
0,0000
0
0
0,0000
0
0
41180024


0
0


0
0


240626



0

0,00
#CHLI
RPS BANIZOUMBOU 2
SUP
SUPER







0
499,0000
0,00
2225,32
2225,32

0,0000
0,0000

0
0,00
0
0,00
0



NY-24-RPS Route Rond Point Bar‚

1

0
0,0000
0
0
0,0000
0
0
0,0000
0
0
41180024


0
0


0
0


240626



0

0,00
#CHRE
2
240626

0
0
1
0

#CHEN
1
7
1
1
F25252314
240626
RPS MARHABA



41180025
NY-25-RPS Marhaba
Clts CASH-RPS-Marhaba
1
0
0,000000
41180025
1
1
0






CHNY25RPS
1
21
11
1
1
1
0
0,0000
0,0000
1
0
2
4118000
08:49:31



0


0
0
0
0
0
0
0,0000
0
0
0,0000
0
0
0,0000
0
0



0
0
0




#CHLI
RPS MARHABA
SUP
SUPER







0
499,0000
0,00
4756,16
4756,16

0,0000
0,0000

0
464,86
0
464,86
0



NY-25-RPS Marhaba
CHNY25RPS
1

0
0,0000
0
0
0,0000
0
0
0,0000
0
0
41180025


0
0


0
0


240626



0

0,00
#CHRE
2
240626

0
0
1
0

#CHEN
1
7
1
1
F26000256
240626
RPS Tourakou



41180026
NY-26-RPS Tourakou
Clts CASH -RPS-Tourakou
1
0
0,000000
41180026
1
1
0






CHNY26RPS
1
21
11
1
1
1
0
0,0000
0,0000
1
0
2
4118000
05:56:07



0


0
0
0
0
0
0
0,0000
0
0
0,0000
0
0
0,0000
0
0



0
0
0




#CHLI
RPS Tourakou
GAS
GASOIL







0
618,0000
0,00
730,04
730,04

0,0000
0,0000

0
570,50
0
570,50
0



NY-26-RPS Tourakou
CHNY26RPS
1

0
0,0000
0
0
0,0000
0
0
0,0000
0
0
41180026


0
0


0
0


240626



0

0,00
#CHLI
RPS Tourakou
SUP
SUPER







0
499,0000
0,00
2176,74
2176,74

0,0000
0,0000

0
464,50
0
464,50
0



NY-26-RPS Tourakou
CHNY26RPS
1

0
0,0000
0
0
0,0000
0
0
0,0000
0
0
41180026


0
0


0
0


240626



0

0,00
#CHRE
2
240626

0
0
1
0

#CHEN
1
7
1
1
F27271407
240626
RPS DAR SALAM



41180027
NY-27-RPS Dar Salam

1
0
0,000000
41180027
1
1
0






CHNY27RPS
1
21
11
1
1
1
0
0,0000
0,0000
1
0
2
4118000
07:27:48



0


0
0,00
0
0
0,00
0
0,0000
0
0
0,0000
0
0
0,0000
0
0



0
0
0




#CHLI
RPS DAR SALAM
GAS
GASOIL







0
618,0000
0,00
127,32
127,32

0,0000
0,0000

0
615,13
0,00
615,13
0



NY-27-RPS Dar Salam
CHNY27RPS
1

0
0,0000
0
0
0,0000
0
0
0,0000
0
0
41180027


0
0


0
0


240626



0

0,00
#CHLI
RPS DAR SALAM
SUP
SUPER







0
499,0000
0,00
462,92
462,92

0,0000
0,0000

0
488,93
0,00
488,93
0



NY-27-RPS Dar Salam
CHNY27RPS
1

0
0,0000
0
0
0,0000
0
0
0,0000
0
0
41180027


0
0


0
0


240626



0

0,00
#CHRE
2
240626

0,00
0,00
1
0

#CHEN
1
7
1
1
F28281400
240626
RPS Bobiel



41180028
NY-28-RPS Bobiel
Clts-CASH-RPS-Bobiel
1
0
0,000000
41180028
1
1
0






CHNY28RPS
1
21
11
1
1
1
0
0,0000
0,0000
1
0
2
4118000
06:32:32



0


0
0,00
0
0
0,00
0
0,0000
0
0
0,0000
0
0
0,0000
0
0



0
0
0




#CHLI
RPS Bobiel
SUP
SUPER







0
499,0000
0,00
1825,37
1825,37

0,0000
0,0000

0
464,88
0,00
464,88
0



NY-28-RPS Bobiel
CHNY28RPS
1

0
0,0000
0
0
0,0000
0
0
0,0000
0
0
41180028


0
0


0
0


240626



0

0,00
#CHRE
2
240626

0,00
0,00
1
0

#CHEN
1
7
1
1
F29TS0021
240626
RPS Harobanda



41180029
NY-29-RPS Harobanda
Clts CASH-RPS-Harobanda
1
1
1,000000
41180029
1
1
0






CHNY29RPS
1
21
11
1
1
1
1
0,0000
0,0000
1
0
2
4118000
07:05:15



0


0
0
0
0
0
0
0,0000
0
0
0,0000
0
0
0,0000
0
0



0
0
0




#CHLI
RPS Harobanda
SUP
SUPER







0
499,0000
499
4014,68
4014,68

0,0000
0,0000

0
488,93
0
488,93
0



NY-29-RPS Harobanda
CHNY29RPS
1

0
0,0000
0
0
0,0000
0
0
0,0000
0
0
41180029


0
0


0
0


240626



0

0,00
#CHRE
2
240626

0
0
1
0

#CHEN
1
7
1
1
F30000028
240626
RPS Chateau8



41120002
NY-30-RPS Chateau8
AZIMA
1
0
0,000000
41120002
1
1
0






CHNY08RPS
1
21
11
1
1
1
0
0,0000
0,0000
1
0
2
4112000
08:44:26



0


0
0,00
0
0
0,00
0
0,0000
0
0
0,0000
0
0
0,0000
0
0



0
0
0




#CHLI
RPS BOSSO
SUP
BB7687/0204/26/v427687







0
499,0000
0,00
50,00
50,00

0,0000
0,0000

0
464,86
0,00
464,86
0



NY-30-RPS Chateau8
CHNY08RPS
1

0
0,0000
0
0
0,0000
0
0
0,0000
0
0
41120002


0
0


0
0


240626



0

0,00
#CHRE
2
240626

0,00
0,00
1
0

#CHEN
1
7
1
1
F30000029
240626
RPS Chateau8



41110024
NY-30-RPS Chateau8
ETS Oudou Younoussa
1
0
0,000000
41110024
1
1
0






CHNY08RPS
1
21
11
1
1
1
0
0,0000
0,0000
1
0
2
4111000
08:45:31



0


0
0,00
0
0
0,00
0
0,0000
0
0
0,0000
0
0
0,0000
0
0



0
0
0




#CHLI
RPS BOSSO
SUP
SUPER







0
499,0000
0,00
50,00
50,00

0,0000
0,0000

0
464,86
0,00
464,86
0



NY-30-RPS Chateau8
CHNY08RPS
1

0
0,0000
0
0
0,0000
0
0
0,0000
0
0
41110024


0
0


0
0


240626



0

0,00
#CHRE
2
240626

0,00
0,00
1
0

#CHEN
1
7
1
1
F30000033
240626
RPS Chateau8



41180030
NY-30-RPS Chateau8
Clts CASH-RPS-Chateau8
1
0
0,000000
41180030
1
1
0







1
21
11
1
1
1
0
0,0000
0,0000
1
0
2
418000
11:01:38



0


0
0,00
0
0
0,00
0
0,0000
0
0
0,0000
0
0
0,0000
0
0



0
0
0




#CHLI
RPS Bosso
SUP
SUPER







0
499,0000
0,00
1869,41
1869,41

0,0000
0,0000

0
464,86
0,00
464,86
0



NY-30-RPS Chateau8

1

0
0,0000
0
0
0,0000
0
0
0,0000
0
0
41180030


0
0


0
0


240626



0

0,00
#CHRE
2
240626

0,00
0,00
1
0

#CHEN
1
7
1
1
F31312293
240626
RPS RIMBO



4111000
NY-31-RPS Rimbo
ETS OUDOU YOUNOUSSA
1
0
0,000000
4111000
1
1
0






CHNY31RPS
1
21
11
1
1
1
0
0,0000
0,0000
1
0
2
4111000
06:53:23



0


0
0
0
0
0
0
0,0000
0
0
0,0000
0
0
0,0000
0
0



0
0
0




#CHLI
RPS RIMBO
GAS
BON Nø66500/AJ9263NY/GO







0
618,0000
0,00
120,00
120,00

0,0000
0,0000

0
615,13
0
615,13
0



NY-31-RPS Rimbo
CHNY31RPS
1

0
0,0000
0
0
0,0000
0
0
0,0000
0
0
4111000


0
0


0
0


240626



0

0,00
#CHRE
2
240626

0
0
1
0

#CHEN
1
7
1
1
F31312294
240626
RPS RIMBO



41120050
NY-31-RPS Rimbo
SSN
1
0
0,000000
41120050
1
1
0






CHNY31RPS
1
21
11
1
1
1
0
0,0000
0,0000
1
0
2
4112000
06:55:23



0


0
0
0
0
0
0
0,0000
0
0
0,0000
0
0
0,0000
0
0



0
0
0




#CHLI
RPS RIMBO
SUP
VENTE CARBURANT PAR TICKET Nø419783924/ESS







0
499,0000
0,00
166,33
166,33

0,0000
0,0000

0
488,93
0
488,93
0



NY-31-RPS Rimbo
CHNY31RPS
1

0
0,0000
0
0
0,0000
0
0
0,0000
0
0
41120050


0
0


0
0


240626



0

0,00
#CHRE
2
240626

0
0
1
0

#CHEN
1
7
1
1
F31312295
240626
RPS RIMBO



41180031
NY-31-RPS Rimbo
Clts CASH-RPS-Rimbo
1
0
0,000000
41180031
1
1
0






CHNY31RPS
1
21
11
1
1
1
0
0,0000
0,0000
1
0
2
4118000
06:57:33



0


0
0
0
0
0
0
0,0000
0
0
0,0000
0
0
0,0000
0
0



0
0
0




#CHLI
RPS RIMBO
GAS
GASOIL







0
618,0000
0,00
350,97
350,97

0,0000
0,0000

0
615,13
0
615,13
0



NY-31-RPS Rimbo
CHNY31RPS
1

0
0,0000
0
0
0,0000
0
0
0,0000
0
0
41180031


0
0


0
0


240626



0

0,00
#CHLI
RPS RIMBO
SUP
SUPER







0
499,0000
0,00
1104,87
1104,87

0,0000
0,0000

0
488,93
0
488,93
0



NY-31-RPS Rimbo
CHNY31RPS
1

0
0,0000
0
0
0,0000
0
0
0,0000
0
0
41180031


0
0


0
0


240626



0

0,00
#CHRE
2
240626

0
0
1
0

#CHEN
1
7
1
1
F32000016
240626
RPS MADINA



41180032
NY-32-RPS Madina
Clts CASH-RPS-Madina
1
0
0,000000
41180032
1
1
0







1
21
11
1
1
1
0
0,0000
0,0000
1
0
2
4118000
07:50:51



0


0
0
0
0
0
0
0,0000
0
0
0,0000
0
0
0,0000
0
0



0
0
0




#CHLI
RPS MADINA
GAS
GASOIL







0
618,0000
0,00
64,65
64,65

0,0000
0,0000

0
618,00
0
618,00
0



NY-32-RPS Madina

1

0
0,0000
0
0
0,0000
0
0
0,0000
0
0
41180032


0
0


0
0


240626



0

0,00
#CHLI
RPS MADINA
SUP
SUPER







0
499,0000
0,00
746,34
746,34

0,0000
0,0000

0
499,00
0
499,00
0



NY-32-RPS Madina

1

0
0,0000
0
0
0,0000
0
0
0,0000
0
0
41180032


0
0


0
0


240626



0

0,00
#CHRE
2
240626

0
0
1
0

#CHEN
1
7
1
1
F32000017
240626
RPS MADINA



41110005
NY-32-RPS Madina
Isheikh Hamma HAMI
1
0
0,000000
41110005
1
1
0







1
21
11
1
1
1
0
0,0000
0,0000
1
0
2
4111000
07:51:56



0


0
0
0
0
0
0
0,0000
0
0
0,0000
0
0
0,0000
0
0



0
0
0




#CHLI
RPS MADINA
GAS
HAMMA HAMID/BN 1341







0
618,0000
0,00
500,00
500,00

0,0000
0,0000

0
618,00
0
618,00
0



NY-32-RPS Madina

1

0
0,0000
0
0
0,0000
0
0
0,0000
0
0
41110005


0
0


0
0


240626



0

0,00
#CHLI
RPS MADINA
GAS
HAMMA HAMID/BN 3837







0
618,0000
0,00
500,00
500,00

0,0000
0,0000

0
618,00
0
618,00
0



NY-32-RPS Madina

1

0
0,0000
0
0
0,0000
0
0
0,0000
0
0
41110005


0
0


0
0


240626



0

0,00
#CHLI
RPS MADINA
GAS
HAMMA HAMID/BN 3247







0
618,0000
0,00
500,00
500,00

0,0000
0,0000

0
618,00
0
618,00
0



NY-32-RPS Madina

1

0
0,0000
0
0
0,0000
0
0
0,0000
0
0
41110005


0
0


0
0


240626



0

0,00
#CHLI
RPS MADINA
GAS
HAMMA HAMID/BA 8854







0
618,0000
0,00
500,00
500,00

0,0000
0,0000

0
618,00
0
618,00
0



NY-32-RPS Madina

1

0
0,0000
0
0
0,0000
0
0
0,0000
0
0
41110005


0
0


0
0


240626



0

0,00
#CHRE
2
240626

0
0
1
0

#CHEN
1
7
1
1
F32000018
240626
RPS MADINA



41120050
NY-32-RPS Madina
SSN
1
0
0,000000
41120050
1
1
0







1
21
11
1
1
1
0
0,0000
0,0000
1
0
2
4112000
07:54:51



0


0
0
0
0
0
0
0,0000
0
0
0,0000
0
0
0,0000
0
0



0
0
0




#CHLI
RPS MADINA
SUP
TICKET/164967159







0
499,0000
0,00
20,04
20,04

0,0000
0,0000

0
499,00
0
499,00
0



NY-32-RPS Madina

1

0
0,0000
0
0
0,0000
0
0
0,0000
0
0
41120050


0
0


0
0


240626



0

0,00
#CHRE
2
240626

0
0
1
0

#CHEN
1
7
1
1
F32000019
240626
RPS MADINA



41110024
NY-32-RPS Madina
ETS Oudou Younoussa
1
0
0,000000
41110024
1
1
0







1
21
11
1
1
1
0
0,0000
0,0000
1
0
2
4111000
07:56:26



0


0
0
0
0
0
0
0,0000
0
0
0,0000
0
0
0,0000
0
0



0
0
0




#CHLI
RPS MADINA
GAS
HOUDOU YOUNOUSSA/AJ 9261







0
618,0000
0,00
120,00
120,00

0,0000
0,0000

0
618,00
0
618,00
0



NY-32-RPS Madina

1

0
0,0000
0
0
0,0000
0
0
0,0000
0
0
41110024


0
0


0
0


240626



0

0,00
#CHLI
RPS MADINA
GAS
HOUDOU YOUNOUSSA/AQ 8917







0
618,0000
0,00
80,00
80,00

0,0000
0,0000

0
618,01
0
618,01
0



NY-32-RPS Madina

1

0
0,0000
0
0
0,0000
0
0
0,0000
0
0
41110024


0
0


0
0


240626



0

0,00
#CHLI
RPS MADINA
GAS
HOUDOU YOUNOUSSA /AJ 9262







0
618,0000
0,00
120,00
120,00

0,0000
0,0000

0
618,00
0
618,00
0



NY-32-RPS Madina

1

0
0,0000
0
0
0,0000
0
0
0,0000
0
0
41110024


0
0


0
0


240626



0

0,00
#CHLI
RPS MADINA
GAS
HOUDOU YOUNOUSSA/BJ 8789







0
618,0000
0,00
150,00
150,00

0,0000
0,0000

0
618,01
0
618,01
0



NY-32-RPS Madina

1

0
0,0000
0
0
0,0000
0
0
0,0000
0
0
41110024


0
0


0
0


240626



0

0,00
#CHRE
2
240626

0
0
1
0

#CHEN
1
7
1
1
F33000000
240626
ARENES



41180033
NY-33-RPS Les ArŠnes
Clts CASH-RPS-Les Arenes
1
0
0,000000
41180033
1
1
0







1
21
11
1
1
1
0
0,0000
0,0000
1
0
2
4118000
07:41:22



0


0
0
0
0
0
0
0,0000
0
0
0,0000
0
0
0,0000
0
0



0
0
0




#CHLI
ARENES
GAS
GASOIL







0
618,0000
0,00
367,95
367,95

0,0000
0,0000

0
0,00
0
0,00
0



NY-33-RPS Les ArŠnes

1

0
0,0000
0
0
0,0000
0
0
0,0000
0
0
41180033


0
0


0
0


240626



0

0,00
#CHLI
ARENES
SUP
SUPER







0
499,0000
0,00
3629,60
3629,60

0,0000
0,0000

0
494,36
0
494,36
0



NY-33-RPS Les ArŠnes

1

0
0,0000
0
0
0,0000
0
0
0,0000
0
0
41180033


0
0


0
0


240626



0

0,00
#CHRE
2
240626

0
0
1
0

#CHEN
1
7
1
1
F33000001
240626
ARENES



41120050
NY-33-RPS Les ArŠnes
SSN
1
0
0,000000
41120050
1
1
0







1
21
11
1
1
1
0
0,0000
0,0000
1
0
2
4112000
07:48:53



0


0
0
0
0
0
0
0,0000
0
0
0,0000
0
0
0,0000
0
0



0
0
0




#CHLI
ARENES
SUP
BONø199248614







0
499,0000
0,00
20,04
20,04

0,0000
0,0000

0
494,36
0
494,36
0



NY-33-RPS Les ArŠnes

1

0
0,0000
0
0
0,0000
0
0
0,0000
0
0
41120050


0
0


0
0


240626



0

0,00
#CHLI
ARENES
SUP
BONø2025032661501759







0
499,0000
0,00
4,01
4,01

0,0000
0,0000

0
494,36
0
494,36
0



NY-33-RPS Les ArŠnes

1

0
0,0000
0
0
0,0000
0
0
0,0000
0
0
41120050


0
0


0
0


240626



0

0,00
#CHLI
ARENES
SUP
BONø2026052264119675







0
499,0000
0,00
2,00
2,00

0,0000
0,0000

0
494,36
0
494,36
0



NY-33-RPS Les ArŠnes

1

0
0,0000
0
0
0,0000
0
0
0,0000
0
0
41120050


0
0


0
0


240626



0

0,00
#CHRE
2
240626

0
0
1
0

#CHEN
1
7
1
1
F33000002
240626
ARENES



41110024
NY-33-RPS Les ArŠnes
ETS HOUDOU YOUNOUSSA
1
0
0,000000
41110024
1
1
0







1
21
11
1
1
1
0
0,0000
0,0000
1
0
2
4111000
07:52:22



0


0
0
0
0
0
0
0,0000
0
0
0,0000
0
0
0,0000
0
0



0
0
0




#CHLI
ARENES
GAS
BONøAP-1829







0
618,0000
0,00
300,00
300,00

0,0000
0,0000

0
0,00
0
0,00
0



NY-33-RPS Les ArŠnes

1

0
0,0000
0
0
0,0000
0
0
0,0000
0
0
41110024


0
0


0
0


240626



0

0,00
#CHRE
2
240626

0
0
1
0

#CHEN
1
7
1
1
F34TS0001
240626
RPS BONKANEY



41180034
NY-34-RPS Bonkaney

1
0
0,000000
41180034
1
1
0







1
21
11
1
1
1
0
0,0000
0,0000
1
0
2
4118000
07:23:50



0


0
0,00
0
0
0,00
0
0,0000
0
0
0,0000
0
0
0,0000
0
0



0
0
0




#CHLI
RPS BONKANEY
GAS
GASOIL







0
618,0000
0,00
9,71
9,71

0,0000
0,0000

0
601,40
0,00
601,40
0



NY-34-RPS Bonkaney

1

0
0,0000
0
0
0,0000
0
0
0,0000
0
0
41180034


0
0


0
0


240626



0

0,00
#CHLI
RPS BONKANEY
SUP
SUPER







0
499,0000
0,00
350,48
350,48

0,0000
0,0000

0
499,00
0,00
499,00
0



NY-34-RPS Bonkaney

1

0
0,0000
0
0
0,0000
0
0
0,0000
0
0
41180034


0
0


0
0


240626



0

0,00
#CHRE
2
240626

0,00
0,00
1
0

#CHEN
1
7
1
1
F44000006
240626
Route Saga



41180044
NY-44-RPS Saga
Clts CASH-RPS-Saga
1
0
0,000000
41180044
1
1
0







1
21
11
1
1
1
0
0,0000
0,0000
1
0
2
4118000
21:23:56



0


0
0,00
0
0
0,00
0
0,0000
0
0
0,0000
0
0
0,0000
0
0



0
0
0




#CHLI
Route Saga
SUP
SUPER







0
499,0000
0,00
839,77
839,77

0,0000
0,0000

0
498,99
0,00
498,99
0



NY-44-RPS Saga

1

0
0,0000
0
0
0,0000
0
0
0,0000
0
0
41180044


0
0


0
0


240626



0

0,00
#CHRE
2
240626

0,00
0,00
1
0

#CHEN
1
7
1
1
F37372381
240626
CHTAKO37RPS



41110087
TA-37-RPS Konni 02
Nassirou Yacouba
1
0
0,000000
41110087
1
1
0






CHTAKO37RPS
1
21
11
1
1
1
0
0,0000
0,0000
1
0
2
4111000
07:11:08



0


0
0
0
0
0
0
0,0000
0
0
0,0000
0
0
0,0000
0
0



0
0
0




#CHLI
CHTAKO37RPS
GAS
BL9689 N*0072986







0
618,0000
0,00
200,00
200,00

0,0000
0,0000

0
615,13
0
615,13
0



TA-37-RPS Konni 02
CHTAKO37RPS
1

0
0,0000
0
0
0,0000
0
0
0,0000
0
0
41110087


0
0


0
0


240626



0

0,00
#CHLI
CHTAKO37RPS
GAS
AL1449 N*0033955







0
618,0000
0,00
400,00
400,00

0,0000
0,0000

0
615,13
0
615,13
0



TA-37-RPS Konni 02
CHTAKO37RPS
1

0
0,0000
0
0
0,0000
0
0
0,0000
0
0
41110087


0
0


0
0


240626



0

0,00
#CHRE
2
240626

0
0
1
0

#CHEN
1
7
1
1
F37372382
240626
CHTAKO37RPS



41110005
TA-37-RPS Konni 02
Isheikh Hamma HAMI
1
0
0,000000
41110005
1
1
0






CHTAKO37RPS
1
21
11
1
1
1
0
0,0000
0,0000
1
0
2
4111000
07:12:38



0


0
0
0
0
0
0
0,0000
0
0
0,0000
0
0
0,0000
0
0



0
0
0




#CHLI
CHTAKO37RPS
GAS
BN3246 N*0033101







0
618,0000
0,00
1250,00
1250,00

0,0000
0,0000

0
615,13
0
615,13
0



TA-37-RPS Konni 02
CHTAKO37RPS
1

0
0,0000
0
0
0,0000
0
0
0,0000
0
0
41110005


0
0


0
0


240626



0

0,00
#CHRE
2
240626

0
0
1
0

#CHEN
1
7
1
1
F37372383
240626
CHTAKO37RPS



41110022
TA-37-RPS Konni 02
Abdoussalam MARADI
1
0
0,000000
41110022
1
1
0






CHTAKO37RPS
1
21
11
1
1
1
0
0,0000
0,0000
1
0
2
4111000
07:14:38



0


0
0
0
0
0
0
0,0000
0
0
0,0000
0
0
0,0000
0
0



0
0
0




#CHLI
CHTAKO37RPS
GAS
NSR402XZ N*0058878







0
618,0000
0,00
360,00
360,00

0,0000
0,0000

0
615,13
0
615,13
0



TA-37-RPS Konni 02
CHTAKO37RPS
1

0
0,0000
0
0
0,0000
0
0
0,0000
0
0
41110022


0
0


0
0


240626



0

0,00
#CHRE
2
240626

0
0
1
0

#CHEN
1
7
1
1
F37372384
240626
CHTAKO37RPS



41111008
TA-37-RPS Konni 02
HACHIMOU MAHAMADOU
1
0
0,000000
41111008
1
1
0






CHTAKO37RPS
1
21
11
1
1
1
0
0,0000
0,0000
1
0
2
4111000
07:15:40



0


0
0
0
0
0
0
0,0000
0
0
0,0000
0
0
0,0000
0
0



0
0
0




#CHLI
CHTAKO37RPS
GAS
BG 0668 N*0058874







0
618,0000
0,00
200,00
200,00

0,0000
0,0000

0
615,13
0
615,13
0



TA-37-RPS Konni 02
CHTAKO37RPS
1

0
0,0000
0
0
0,0000
0
0
0,0000
0
0
41111008


0
0


0
0


240626



0

0,00
#CHLI
CHTAKO37RPS
GAS
BG 0661 N*0058876







0
618,0000
0,00
800,00
800,00

0,0000
0,0000

0
615,13
0
615,13
0



TA-37-RPS Konni 02
CHTAKO37RPS
1

0
0,0000
0
0
0,0000
0
0
0,0000
0
0
41111008


0
0


0
0


240626



0

0,00
#CHRE
2
240626

0
0
1
0

#CHEN
1
7
1
1
F37372385
240626
CHTAKO37RPS



41120026
TA-37-RPS Konni 02
Rimbo Transport
1
0
0,000000
41120026
1
1
0






CHTAKO37RPS
1
21
11
1
1
1
0
0,0000
0,0000
1
0
2
4112000
07:18:56



0


0
0
0
0
0
0
0,0000
0
0
0,0000
0
0
0,0000
0
0



0
0
0




#CHLI
CHTAKO37RPS
GAS
RTV







0
618,0000
0,00
20,00
20,00

0,0000
0,0000

0
615,13
0
615,13
0



TA-37-RPS Konni 02
CHTAKO37RPS
1

0
0,0000
0
0
0,0000
0
0
0,0000
0
0
41120026


0
0


0
0


240626



0

0,00
#CHRE
2
240626

0
0
1
0

#CHEN
1
7
1
1
F37372386
240626
CHTAKO37RPS



41120024
TA-37-RPS Konni 02
EMA-Transport
1
0
0,000000
41120024
1
1
0






CHTAKO37RPS
1
21
11
1
1
1
0
0,0000
0,0000
1
0
2
4112000
07:19:53



0


0
0
0
0
0
0
0,0000
0
0
0,0000
0
0
0,0000
0
0



0
0
0




#CHLI
CHTAKO37RPS
GAS
BE7495 N*0058875







0
618,0000
0,00
300,00
300,00

0,0000
0,0000

0
615,13
0
615,13
0



TA-37-RPS Konni 02
CHTAKO37RPS
1

0
0,0000
0
0
0,0000
0
0
0,0000
0
0
41120024


0
0


0
0


240626



0

0,00
#CHRE
2
240626

0
0
1
0

#CHEN
1
7
1
1
F37372387
240626
CHTAKO37RPS



41180037
TA-37-RPS Konni 02
Clts CASH-RPS-Konni02
1
0
0,000000
41180037
1
1
0






CHTAKO37RPS
1
21
11
1
1
1
1
0,0000
0,0000
1
0
2
4118000
07:20:53



0


0
0
0
0
0
0
0,0000
0
0
0,0000
0
0
0,0000
0
0



0
0
0




#CHLI
CHTAKO37RPS
SUP
SUPER







0
499,0000
0,00
2901,71
2901,71

0,0000
0,0000

0
488,93
0
488,93
0



TA-37-RPS Konni 02
CHTAKO37RPS
1

0
0,0000
0
0
0,0000
0
0
0,0000
0
0
41180037


0
0


0
0


240626



0

0,00
#CHRE
2
240626

0
0
1
0

#CHEN
1
7
1
1
F38000006
240626
RPS Universite



41180038
TA-38-RPS Tahoua 01
Clts CASH-RPS-Tahoua01
1
0
0,000000
41180038
1
1
0






CHTA38RPS
1
21
11
1
1
1
0
0,0000
0,0000
1
0
2
4118000
01:46:07



0


0
0,00
0
0
0,00
0
0,0000
0
0
0,0000
0
0
0,0000
0
0



0
0
0




#CHLI
RPS Universite
GAS
GASOIL







0
618,0000
0,00
3995,61
3995,61

0,0000
0,0000

0
615,13
0,00
615,13
0



TA-38-RPS Tahoua 01
CHTA38RPS
1

0
0,0000
0
0
0,0000
0
0
0,0000
0
0
41180038


0
0


0
0


240626



0

0,00
#CHLI
RPS Universite
SUP
SUPER







0
499,0000
0,00
4594,50
4594,50

0,0000
0,0000

0
488,93
0,00
488,93
0



TA-38-RPS Tahoua 01
CHTA38RPS
1

0
0,0000
0
0
0,0000
0
0
0,0000
0
0
41180038


0
0


0
0


240626



0

0,00
#CHRE
2
240626

0,00
0,00
1
0

#CHEN
1
7
1
1
F38000007
240626
RPS Universite



41120050
TA-38-RPS Tahoua 01
SSN
1
0
0,000000
41120050
1
1
0






CHTA38RPS
1
21
11
1
1
1
0
0,0000
0,0000
1
0
2
4112000
01:46:50



0


0
0,00
0
0
0,00
0
0,0000
0
0
0,0000
0
0
0,0000
0
0



0
0
0




#CHLI
RPS Universite
GAS
REF 2024082701192342 EP 0741







0
618,0000
0,00
113,27
113,27

0,0000
0,0000

0
615,13
0,00
615,13
0



TA-38-RPS Tahoua 01
CHTA38RPS
1

0
0,0000
0
0
0,0000
0
0
0,0000
0
0
41120050


0
0


0
0


240626



0

0,00
#CHRE
2
240626

0,00
0,00
1
0

#CHEN
1
7
1
1
F39000004
240626
RPS Tahoua 02



41180039
TA-39-RPS Tahoua 02
Clts CASH-RPS-Tahoua02
1
0
0,000000
41180039
1
1
0






CHTA39RPS
1
21
11
1
1
1
0
0,0000
0,0000
1
0
2
4118000
08:51:59



0


0
0,00
0
0
0,00
0
0,0000
0
0
0,0000
0
0
0,0000
0
0



0
0
0




#CHLI
RPS Rte Agadez
GAS
GASOIL







0
618,0000
0,00
2296,33
2296,33

0,0000
0,0000

0
615,13
0,00
615,13
0



TA-39-RPS Tahoua 02
CHTA39RPS
1

0
0,0000
0
0
0,0000
0
0
0,0000
0
0
41180039


0
0


0
0


240626



0

0,00
#CHLI
RPS Rte Agadez
SUP
SUPER







0
499,0000
0,00
1481,29
1481,29

0,0000
0,0000

0
488,93
0,00
488,93
0



TA-39-RPS Tahoua 02
CHTA39RPS
1

0
0,0000
0
0
0,0000
0
0
0,0000
0
0
41180039


0
0


0
0


240626



0

0,00
#CHRE
2
240626

0,00
0,00
1
0

#CHEN
1
7
1
1
F48000002
240626
RPS Tchinta



41180048
TA-48-RPS Tchinta RT Alg‚rie
Clts CASH-RPS-Tchinta RT Alg‚rie
1
0
0,000000
41180048
1
1
0







1
21
11
1
1
1
0
0,0000
0,0000
1
0
2
4118000
07:38:49



0


0
0
0
0
0
0
0,0000
0
0
0,0000
0
0
0,0000
0
0



0
0
0




#CHLI
RPS Tchinta
SUP
SUPER







0
499,0000
0,00
110,18
110,18

0,0000
0,0000

0
464,50
0
464,50
0



TA-48-RPS Tchinta RT Alg‚rie

1

0
0,0000
0
0
0,0000
0
0
0,0000
0
0
41180048


0
0


0
0


240626



0

0,00
#CHRE
2
240626

0
0
1
0

#CHEN
1
7
1
1
F51TS0001
240626
RPS ABALAK



41180051
TA-51-RPS Abalak Pr‚fecture

1
0
0,000000
41180051
1
1
0







1
21
11
1
1
1
0
0,0000
0,0000
1
0
2
4118000
06:15:54



0


0
0
0
0
0
0
0,0000
0
0
0,0000
0
0
0,0000
0
0



0
0
0




#CHLI
RPS ABALAK
GAS
GASOIL







0
618,0000
0,00
38,83
38,83

0,0000
0,0000

0
570,50
0
570,50
0



TA-51-RPS Abalak Pr‚fecture

1

0
0,0000
0
0
0,0000
0
0
0,0000
0
0
41180051


0
0


0
0


240626



0

0,00
#CHLI
RPS ABALAK
SUP
SUPER







0
499,0000
0,00
4123,24
4123,24

0,0000
0,0000

0
464,50
0
464,50
0



TA-51-RPS Abalak Pr‚fecture

1

0
0,0000
0
0
0,0000
0
0
0,0000
0
0
41180051


0
0


0
0


240626



0

0,00
#CHRE
2
240626

0
0
1
0

#CHEN
1
7
1
1
F51TS0002
240626
RPS ABALAK



41120016
TA-51-RPS Abalak Pr‚fecture
Entreprise Mim
1
0
0,000000
41120016
1
1
0







1
21
11
1
1
1
0
0,0000
0,0000
1
0
2
4112000
06:16:34



0


0
0
0
0
0
0
0,0000
0
0
0,0000
0
0
0,0000
0
0



0
0
0




#CHLI
RPS ABALAK
GAS
Entreprise MIM/BR39785/CB9071/NASSER CHAMBOU MOUSSA/GAZOIL







0
618,0000
0,00
948,01
948,01

0,0000
0,0000

0
570,50
0
570,50
0



TA-51-RPS Abalak Pr‚fecture

1

0
0,0000
0
0
0,0000
0
0
0,0000
0
0
41120016


0
0


0
0


240626



0

0,00
#CHRE
2
240626

0
0
1
0

#CHEN
1
7
1
1
F52000005
240626
RPS HAMDALLAYE



41129006
TY-52-RPS Hamdallaye
BACOREX
1
0
0,000000
41129006
1
1
0







1
21
11
1
1
1
0
0,0000
0,0000
1
0
2
4112000
06:58:44



0


0
0,00
0
0
0,00
0
0,0000
0
0
0,0000
0
0
0,0000
0
0



0
0
0




#CHLI
RPS HAMDALLAYE
SUP
BACOREX 60821/BY-4213 60822/CH-4598







0
499,0000
0,00
100,00
100,00

0,0000
0,0000

0
467,49
0,00
467,49
0



TY-52-RPS Hamdallaye

1

0
0,0000
0
0
0,0000
0
0
0,0000
0
0
41129006


0
0


0
0


240626



0

0,00
#CHRE
2
240626

0,00
0,00
1
0

#CHEN
1
7
1
1
F52000006
240626
RPS HAMDALLAYE



41120050
TY-52-RPS Hamdallaye
SSN
1
0
0,000000
41120050
1
1
0







1
21
11
1
1
1
0
0,0000
0,0000
1
0
2
4112000
07:00:30



0


0
0,00
0
0
0,00
0
0,0000
0
0
0,0000
0
0
0,0000
0
0



0
0
0




#CHLI
RPS HAMDALLAYE
SUP
SUPER







0
499,0000
0,00
20,04
20,04

0,0000
0,0000

0
467,49
0,00
467,49
0



TY-52-RPS Hamdallaye

1

0
0,0000
0
0
0,0000
0
0
0,0000
0
0
41120050


0
0


0
0


240626



0

0,00
#CHRE
2
240626

0,00
0,00
1
0

#CHEN
1
7
1
1
F52000007
240626
RPS HAMDALLAYE



41180052
TY-52-RPS Hamdallaye

1
0
0,000000
41180052
1
1
0







1
21
11
1
1
1
0
0,0000
0,0000
1
0
2
4118000
07:01:10



0


0
0,00
0
0
0,00
0
0,0000
0
0
0,0000
0
0
0,0000
0
0



0
0
0




#CHLI
RPS HAMDALLAYE
SUP
SUPER







0
499,0000
0,00
3171,64
3171,64

0,0000
0,0000

0
467,49
0,00
467,49
0



TY-52-RPS Hamdallaye

1

0
0,0000
0
0
0,0000
0
0
0,0000
0
0
41180052


0
0


0
0


240626



0

0,00
#CHRE
2
240626

0,00
0,00
1
0

#CHEN
1
7
1
1
F53TS0001
240626
RPS BALLEYARA
240626


41180053
TY-53-RPS Bal‚yara

1
0
0,000000
41180053
1
1
0







1
21
11
1
1
1
0
0,0000
0,0000
1
0
2
4111000
06:55:37



0


0
0,00
0
0
0,00
0
0,0000
0
0
0,0000
0
0
0,0000
0
0



0
0
0




#CHLI
RPS BALLEYARA
SUP
SUPER







0
499,0000
0,00
824,07
824,07

0,0000
0,0000

0
464,50
0,00
464,50
0


240626
TY-53-RPS Bal‚yara

1

0
0,0000
0
0
0,0000
0
0
0,0000
0
0
41180053


0
0


0
0


240626



0

0,00
#CHRE
2
240626

0,00
0,00
1
0

#CHEN
1
7
1
1
F41000004
240626
RPSZR-SORAZ



41180041
ZR-41-RPS Zinder-Soraze
Clts CASH-RPS-ZR-Soraze
1
0
0,000000
41180041
1
1
0







1
21
11
1
1
1
0
0,0000
0,0000
1
0
2
4118000
09:15:02



0


0
0
0
0
0
0
0,0000
0
0
0,0000
0
0
0,0000
0
0



0
0
0




#CHLI
RPSZR-SORAZ
GAS
GASOIL







0
618,0000
0,00
1633,04
1633,04

0,0000
0,0000

0
570,94
0
570,94
0



ZR-41-RPS Zinder-Soraze

1

0
0,0000
0
0
0,0000
0
0
0,0000
0
0
41180041


0
0


0
0


240626



0

0,00
#CHRE
2
240626

0
0
1
0

#CHEN
1
7
1
1
F41000005
240626
RPSZR-SORAZ



41111005
ZR-41-RPS Zinder-Soraze
NECO GAZ
1
0
0,000000
41111005
1
1
0







1
21
11
1
1
1
0
0,0000
0,0000
1
0
2
4111000
09:15:47



0


0
0
0
0
0
0
0,0000
0
0
0,0000
0
0
0,0000
0
0



0
0
0




#CHLI
RPSZR-SORAZ
GAS
GASOIL







0
618,0000
0,00
500,00
500,00

0,0000
0,0000

0
570,94
0
570,94
0



ZR-41-RPS Zinder-Soraze

1

0
0,0000
0
0
0,0000
0
0
0,0000
0
0
41111005


0
0


0
0


240626



0

0,00
#CHRE
2
240626

0
0
1
0

#CHEN
1
7
1
1
F42000012
240626
RPSZR HYP



41180042
ZR-42-RPS Zr-Hypodrome
Clts CASH-RPS-Zr-Hypodrome
1
0
0,000000
41180042
1
1
0







1
21
11
1
1
1
0
0,0000
0,0000
1
0
2
4118000
06:26:17



0


0
0
0
0
0
0
0,0000
0
0
0,0000
0
0
0,0000
0
0



0
0
0




#CHLI
RPSZR HYP
GAS
GASOIL







0
618,0000
0,00
2607,88
2607,88

0,0000
0,0000

0
563,84
0
563,84
0



ZR-42-RPS Zr-Hypodrome

1

0
0,0000
0
0
0,0000
0
0
0,0000
0
0
41180042


0
0


0
0


240626



0

0,00
#CHLI
RPSZR HYP
SUP
SUPER







0
499,0000
0,00
974,96
974,96

0,0000
0,0000

0
464,50
0
464,50
0



ZR-42-RPS Zr-Hypodrome

1

0
0,0000
0
0
0,0000
0
0
0,0000
0
0
41180042


0
0


0
0


240626



0

0,00
#CHRE
2
240626

0
0
1
0

#CHEN
1
7
1
1
F42000013
240626
RPSZR HYP



41120026
ZR-42-RPS Zr-Hypodrome
Rimbo Transport
1
0
0,000000
41120026
1
1
0







1
21
11
1
1
1
0
0,0000
0,0000
1
0
2
4112000
06:27:33



0


0
0
0
0
0
0
0,0000
0
0
0,0000
0
0
0,0000
0
0



0
0
0




#CHLI
RPSZR HYP
GAS
32531/ CG9134RN







0
618,0000
0,00
200,00
200,00

0,0000
0,0000

0
563,85
0
563,85
0



ZR-42-RPS Zr-Hypodrome

1

0
0,0000
0
0
0,0000
0
0
0,0000
0
0
41120026


0
0


0
0


240626



0

0,00
#CHLI
RPSZR HYP
GAS
32532/ BA4162RN







0
618,0000
0,00
200,00
200,00

0,0000
0,0000

0
563,85
0
563,85
0



ZR-42-RPS Zr-Hypodrome

1

0
0,0000
0
0
0,0000
0
0
0,0000
0
0
41120026


0
0


0
0


240626



0

0,00
#CHLI
RPSZR HYP
GAS
32530/ CG9141RN







0
618,0000
0,00
400,00
400,00

0,0000
0,0000

0
563,85
0
563,85
0



ZR-42-RPS Zr-Hypodrome

1

0
0,0000
0
0
0,0000
0
0
0,0000
0
0
41120026


0
0


0
0


240626



0

0,00
#CHLI
RPSZR HYP
GAS
32528/ CG9144RN







0
618,0000
0,00
200,00
200,00

0,0000
0,0000

0
563,85
0
563,85
0



ZR-42-RPS Zr-Hypodrome

1

0
0,0000
0
0
0,0000
0
0
0,0000
0
0
41120026


0
0


0
0


240626



0

0,00
#CHRE
2
240626

0
0
1
0

#CHEN
1
7
1
1
F42000014
240626
RPSZR HYP



41120042
ZR-42-RPS Zr-Hypodrome
ZAMANI TELECOM
1
0
0,000000
41120042
1
1
0







1
21
11
1
1
1
0
0,0000
0,0000
1
0
2
4112000
06:29:56



0


0
0
0
0
0
0
0,0000
0
0
0,0000
0
0
0,0000
0
0



0
0
0




#CHLI
RPSZR HYP
GAS
34028/ AE6277RN







0
618,0000
0,00
600,00
600,00

0,0000
0,0000

0
563,85
0
563,85
0



ZR-42-RPS Zr-Hypodrome

1

0
0,0000
0
0
0,0000
0
0
0,0000
0
0
41120042


0
0


0
0


240626



0

0,00
#CHLI
RPSZR HYP
GAS
34029/ AE6277RN







0
618,0000
0,00
500,00
500,00

0,0000
0,0000

0
563,84
0
563,84
0



ZR-42-RPS Zr-Hypodrome

1

0
0,0000
0
0
0,0000
0
0
0,0000
0
0
41120042


0
0


0
0


240626



0

0,00
#CHLI
RPSZR HYP
GAS
34031/ AE6277RN







0
618,0000
0,00
400,00
400,00

0,0000
0,0000

0
563,85
0
563,85
0



ZR-42-RPS Zr-Hypodrome

1

0
0,0000
0
0
0,0000
0
0
0,0000
0
0
41120042


0
0


0
0


240626



0

0,00
#CHRE
2
240626

0
0
1
0

#CHEN
1
7
1
1
F42000015
240626
RPSZR HYP



41120040
ZR-42-RPS Zr-Hypodrome
SOTCO
1
0
0,000000
41120040
1
1
0







1
21
11
1
1
1
0
0,0000
0,0000
1
0
2
4112000
06:31:56



0


0
0
0
0
0
0
0,0000
0
0
0,0000
0
0
0,0000
0
0



0
0
0




#CHLI
RPSZR HYP
GAS
34027/ BM2245RN







0
618,0000
0,00
75,00
75,00

0,0000
0,0000

0
563,85
0
563,85
0



ZR-42-RPS Zr-Hypodrome

1

0
0,0000
0
0
0,0000
0
0
0,0000
0
0
41120040


0
0


0
0


240626



0

0,00
#CHRE
2
240626

0
0
1
0

#CHEN
1
7
1
1
FGRTS0023
240626
EX-DEPOT-RIMBO



41120026
EX-DEPOT-RIMBO
Rimbo transport
1
0
0,000000
41120026
1
1
0







1
21
11
1
1
1
0
0,0000
0,0000
1
0
2
4112000
08:40:00



0


0
0
0
0
0
0
0,0000
0
0
0,0000
0
0
0,0000
0
0



0
0
0




#CHLI
GARAGE RIMBO
GAS
N/37912  AB-0613







0
618,0000
0,00
355,00
355,00

0,0000
0,0000

0
615,13
0
615,13
0



EX-DEPOT-RIMBO

1

0
0,0000
0
0
0,0000
0
0
0,0000
0
0
41120026


0
0


0
0


240626



0

0,00
#CHLI
GARAGE RIMBO
GAS
N/37911  BA-4168







0
618,0000
0,00
310,00
310,00

0,0000
0,0000

0
615,13
0
615,13
0



EX-DEPOT-RIMBO

1

0
0,0000
0
0
0,0000
0
0
0,0000
0
0
41120026


0
0


0
0


240626



0

0,00
#CHLI
GARAGE RIMBO
GAS
N/37910  AJ-2939







0
618,0000
0,00
412,00
412,00

0,0000
0,0000

0
615,13
0
615,13
0



EX-DEPOT-RIMBO

1

0
0,0000
0
0
0,0000
0
0
0,0000
0
0
41120026


0
0


0
0


240626



0

0,00
#CHLI
GARAGE RIMBO
GAS
N/37909  AB-0615







0
618,0000
0,00
318,00
318,00

0,0000
0,0000

0
615,13
0
615,13
0



EX-DEPOT-RIMBO

1

0
0,0000
0
0
0,0000
0
0
0,0000
0
0
41120026


0
0


0
0


240626



0

0,00
#CHLI
GARAGE RIMBO
GAS
N/37908  BM-1592







0
618,0000
0,00
300,00
300,00

0,0000
0,0000

0
615,13
0
615,13
0



EX-DEPOT-RIMBO

1

0
0,0000
0
0
0,0000
0
0
0,0000
0
0
41120026


0
0


0
0


240626



0

0,00
#CHLI
GARAGE RIMBO
GAS
N/37907  CG-9140







0
618,0000
0,00
581,00
581,00

0,0000
0,0000

0
615,13
0
615,13
0



EX-DEPOT-RIMBO

1

0
0,0000
0
0
0,0000
0
0
0,0000
0
0
41120026


0
0


0
0


240626



0

0,00
#CHLI
GARAGE RIMBO
GAS
N/37906  BL-1236







0
618,0000
0,00
439,00
439,00

0,0000
0,0000

0
615,13
0
615,13
0



EX-DEPOT-RIMBO

1

0
0,0000
0
0
0,0000
0
0
0,0000
0
0
41120026


0
0


0
0


240626



0

0,00
#CHLI
GARAGE RIMBO
GAS
N/37905  BD-6234







0
618,0000
0,00
510,00
510,00

0,0000
0,0000

0
615,13
0
615,13
0



EX-DEPOT-RIMBO

1

0
0,0000
0
0
0,0000
0
0
0,0000
0
0
41120026


0
0


0
0


240626



0

0,00
#CHLI
GARAGE RIMBO
GAS
N/37904  BP-6274







0
618,0000
0,00
640,00
640,00

0,0000
0,0000

0
615,13
0
615,13
0



EX-DEPOT-RIMBO

1

0
0,0000
0
0
0,0000
0
0
0,0000
0
0
41120026


0
0


0
0


240626



0

0,00
#CHLI
GARAGE RIMBO
GAS
N/37903  BP-6275







0
618,0000
0,00
570,00
570,00

0,0000
0,0000

0
615,13
0
615,13
0



EX-DEPOT-RIMBO

1

0
0,0000
0
0
0,0000
0
0
0,0000
0
0
41120026


0
0


0
0


240626



0

0,00
#CHLI
GARAGE RIMBO
GAS
N/37902  BA-4164







0
618,0000
0,00
190,00
190,00

0,0000
0,0000

0
615,13
0
615,13
0



EX-DEPOT-RIMBO

1

0
0,0000
0
0
0,0000
0
0
0,0000
0
0
41120026


0
0


0
0


240626



0

0,00
#CHLI
GARAGE RIMBO
GAS
N/37900  BM-1593







0
618,0000
0,00
430,00
430,00

0,0000
0,0000

0
615,13
0
615,13
0



EX-DEPOT-RIMBO

1

0
0,0000
0
0
0,0000
0
0
0,0000
0
0
41120026


0
0


0
0


240626



0

0,00
#CHLI
GARAGE RIMBO
GAS
N/37899  BL-1242







0
618,0000
0,00
240,00
240,00

0,0000
0,0000

0
615,13
0
615,13
0



EX-DEPOT-RIMBO

1

0
0,0000
0
0
0,0000
0
0
0,0000
0
0
41120026


0
0


0
0


240626



0

0,00
#CHLI
GARAGE RIMBO
GAS
N/37898  CG-9135







0
618,0000
0,00
510,00
510,00

0,0000
0,0000

0
615,13
0
615,13
0



EX-DEPOT-RIMBO

1

0
0,0000
0
0
0,0000
0
0
0,0000
0
0
41120026


0
0


0
0


240626



0

0,00
#CHLI
GARAGE RIMBO
GAS
N/37897  CG-9143







0
618,0000
0,00
460,00
460,00

0,0000
0,0000

0
615,13
0
615,13
0



EX-DEPOT-RIMBO

1

0
0,0000
0
0
0,0000
0
0
0,0000
0
0
41120026


0
0


0
0


240626



0

0,00
#CHLI
GARAGE RIMBO
GAS
N/37896  CG-9129







0
618,0000
0,00
507,50
507,50

0,0000
0,0000

0
615,13
0
615,13
0



EX-DEPOT-RIMBO

1

0
0,0000
0
0
0,0000
0
0
0,0000
0
0
41120026


0
0


0
0


240626



0

0,00
#CHLI
GARAGE RIMBO
GAS
N/37895  CG-9133







0
618,0000
0,00
577,50
577,50

0,0000
0,0000

0
615,13
0
615,13
0



EX-DEPOT-RIMBO

1

0
0,0000
0
0
0,0000
0
0
0,0000
0
0
41120026


0
0


0
0


240626



0

0,00
#CHLI
GARAGE RIMBO
GAS
N/37894  CG-9132







0
618,0000
0,00
570,00
570,00

0,0000
0,0000

0
615,13
0
615,13
0



EX-DEPOT-RIMBO

1

0
0,0000
0
0
0,0000
0
0
0,0000
0
0
41120026


0
0


0
0


240626



0

0,00
#CHLI
GARAGE RIMBO
GAS
N/37893  BX-5910







0
618,0000
0,00
610,00
610,00

0,0000
0,0000

0
615,13
0
615,13
0



EX-DEPOT-RIMBO

1

0
0,0000
0
0
0,0000
0
0
0,0000
0
0
41120026


0
0


0
0


240626



0

0,00
#CHLI
GARAGE RIMBO
GAS
N/37892  BL-1237







0
618,0000
0,00
405,00
405,00

0,0000
0,0000

0
615,13
0
615,13
0



EX-DEPOT-RIMBO

1

0
0,0000
0
0
0,0000
0
0
0,0000
0
0
41120026


0
0


0
0


240626



0

0,00
#CHLI
GARAGE RIMBO
GAS
N/37891  BA-4169







0
618,0000
0,00
400,00
400,00

0,0000
0,0000

0
615,13
0
615,13
0



EX-DEPOT-RIMBO

1

0
0,0000
0
0
0,0000
0
0
0,0000
0
0
41120026


0
0


0
0


240626



0

0,00
#CHLI
GARAGE RIMBO
GAS
N/37890  BL-1235







0
618,0000
0,00
505,00
505,00

0,0000
0,0000

0
615,13
0
615,13
0



EX-DEPOT-RIMBO

1

0
0,0000
0
0
0,0000
0
0
0,0000
0
0
41120026


0
0


0
0


240626



0

0,00
#CHLI
GARAGE RIMBO
GAS
N/37889  CG-9130







0
618,0000
0,00
600,00
600,00

0,0000
0,0000

0
615,13
0
615,13
0



EX-DEPOT-RIMBO

1

0
0,0000
0
0
0,0000
0
0
0,0000
0
0
41120026


0
0


0
0


240626



0

0,00
#CHLI
GARAGE RIMBO
GAS
N/37888  BL-1240







0
618,0000
0,00
250,00
250,00

0,0000
0,0000

0
615,13
0
615,13
0



EX-DEPOT-RIMBO

1

0
0,0000
0
0
0,0000
0
0
0,0000
0
0
41120026


0
0


0
0


240626



0

0,00
#CHLI
GARAGE RIMBO
GAS
N/37887  BA-4160







0
618,0000
0,00
235,00
235,00

0,0000
0,0000

0
615,13
0
615,13
0



EX-DEPOT-RIMBO

1

0
0,0000
0
0
0,0000
0
0
0,0000
0
0
41120026


0
0


0
0


240626



0

0,00
#CHRE
2
240626

0
0
1
0

#FIN
