#FLG 000
#VER 19
#CHEN
1
7
1
1
F43000406
230626
RPS-AZ-TRIBUNE



41180043
AZ-43-RPS Agadez Misrata

1
0
0,000000
41180043
1
1
0






CHAZ43RPS
1
21
11
1
1
1
0
0,0000
0,0000
1
0
2
4118000
00:20:52



0


0
0,00
0
0
0,00
0
0,0000
0
0
0,0000
0
0
0,0000
0
0



0
0
0




#CHLI
RPS-AZ-TRIBUNE
GAS
GASOIL







0
618,0000
0,00
25,00
25,00

0,0000
0,0000

0
570,50
0,00
570,50
0



AZ-43-RPS Agadez Misrata
CHAZ43RPS
1

0
0,0000
0
0
0,0000
0
0
0,0000
0
0
41180043


0
0


0
0


230626



0

0,00
#CHLI
RPS-AZ-TRIBUNE
SUP
SUPER







0
499,0000
0,00
13990,29
13990,29

0,0000
0,0000

0
464,50
0,00
464,50
0



AZ-43-RPS Agadez Misrata
CHAZ43RPS
1

0
0,0000
0
0
0,0000
0
0
0,0000
0
0
41180043


0
0


0
0


230626



0

0,00
#CHRE
2
230626

0,00
0,00
1
0

#CHEN
1
7
1
1
F43000407
230626
RPS-AZ-TRIBUNE



41110095
AZ-43-RPS Agadez Misrata
Moussa Seydalamine
1
0
0,000000
41110095
1
1
0






CHAZ43RPS
1
21
11
1
1
1
0
0,0000
0,0000
1
0
2
4112000
00:24:24



0


0
0,00
0
0
0,00
0
0,0000
0
0
0,0000
0
0
0,0000
0
0



0
0
0




#CHLI
RPS-AZ-TRIBUNE
GAS
BH 4541RN







0
618,0000
0,00
1687,01
1687,01

0,0000
0,0000

0
570,50
0,00
570,50
0



AZ-43-RPS Agadez Misrata
CHAZ43RPS
1

0
0,0000
0
0
0,0000
0
0
0,0000
0
0
41110095


0
0


0
0


230626



0

0,00
#CHRE
2
230626

0,00
0,00
1
0

#CHEN
1
7
1
1
F43000408
230626
RPS-AZ-TRIBUNE



41120026
AZ-43-RPS Agadez Misrata
Rimbo Transport
1
0
0,000000
41120026
1
1
0






CHAZ43RPS
1
21
11
1
1
1
0
0,0000
0,0000
1
0
2
4112000
00:25:22



0


0
0,00
0
0
0,00
0
0,0000
0
0
0,0000
0
0
0,0000
0
0



0
0
0




#CHLI
RPS-AZ-TRIBUNE
GAS
BL 1245RN







0
618,0000
0,00
459,85
459,85

0,0000
0,0000

0
570,50
0,00
570,50
0



AZ-43-RPS Agadez Misrata
CHAZ43RPS
1

0
0,0000
0
0
0,0000
0
0
0,0000
0
0
41120026


0
0


0
0


230626



0

0,00
#CHLI
RPS-AZ-TRIBUNE
GAS
BL 1238RN







0
618,0000
0,00
425,02
425,02

0,0000
0,0000

0
570,50
0,00
570,50
0



AZ-43-RPS Agadez Misrata
CHAZ43RPS
1

0
0,0000
0
0
0,0000
0
0
0,0000
0
0
41120026


0
0


0
0


230626



0

0,00
#CHLI
RPS-AZ-TRIBUNE
GAS
CA5433RN







0
618,0000
0,00
479,02
479,02

0,0000
0,0000

0
570,50
0,00
570,50
0



AZ-43-RPS Agadez Misrata
CHAZ43RPS
1

0
0,0000
0
0
0,0000
0
0
0,0000
0
0
41120026


0
0


0
0


230626



0

0,00
#CHLI
RPS-AZ-TRIBUNE
GAS
BX 5908RN







0
618,0000
0,00
610,03
610,03

0,0000
0,0000

0
570,50
0,00
570,50
0



AZ-43-RPS Agadez Misrata
CHAZ43RPS
1

0
0,0000
0
0
0,0000
0
0
0,0000
0
0
41120026


0
0


0
0


230626



0

0,00
#CHLI
RPS-AZ-TRIBUNE
GAS
BP 6272RN







0
618,0000
0,00
280,01
280,01

0,0000
0,0000

0
570,50
0,00
570,50
0



AZ-43-RPS Agadez Misrata
CHAZ43RPS
1

0
0,0000
0
0
0,0000
0
0
0,0000
0
0
41120026


0
0


0
0


230626



0

0,00
#CHLI
RPS-AZ-TRIBUNE
GAS
BM 1596RN







0
618,0000
0,00
274,02
274,02

0,0000
0,0000

0
570,50
0,00
570,50
0



AZ-43-RPS Agadez Misrata
CHAZ43RPS
1

0
0,0000
0
0
0,0000
0
0
0,0000
0
0
41120026


0
0


0
0


230626



0

0,00
#CHLI
RPS-AZ-TRIBUNE
GAS
BP 6267RN







0
618,0000
0,00
337,05
337,05

0,0000
0,0000

0
570,50
0,00
570,50
0



AZ-43-RPS Agadez Misrata
CHAZ43RPS
1

0
0,0000
0
0
0,0000
0
0
0,0000
0
0
41120026


0
0


0
0


230626



0

0,00
#CHLI
RPS-AZ-TRIBUNE
GAS
BL 1241RN







0
618,0000
0,00
437,01
437,01

0,0000
0,0000

0
570,50
0,00
570,50
0



AZ-43-RPS Agadez Misrata
CHAZ43RPS
1

0
0,0000
0
0
0,0000
0
0
0,0000
0
0
41120026


0
0


0
0


230626



0

0,00
#CHRE
2
230626

0,00
0,00
1
0

#CHEN
1
7
1
1
F45000000
230626
RPS Arlit



41180045
AZ-45-RPS Arlit
Clts CASH-RPS-Arlit
1
0
0,000000
41180045
1
1
0






CHAR45RPS
1
21
11
1
1
1
0
0,0000
0,0000
1
0
2
4118000
20:11:46



0


0
0
0
0
0
0
0,0000
0
0
0,0000
0
0
0,0000
0
0



0
0
0




#CHLI
RPS Arlit
GAS
GASOIL







0
618,0000
0,00
4266,38
4266,38

0,0000
0,0000

0
615,13
0
615,13
0



AZ-45-RPS Arlit
CHAR45RPS
1

0
0,0000
0
0
0,0000
0
0
0,0000
0
0
41180045


0
0


0
0


230626



0

0,00
#CHLI
RPS Arlit
SUP
SUPER







0
499,0000
0,00
27812,90
27812,90

0,0000
0,0000

0
488,93
0
488,93
0



AZ-45-RPS Arlit
CHAR45RPS
1

0
0,0000
0
0
0,0000
0
0
0,0000
0
0
41180045


0
0


0
0


230626



0

0,00
#CHRE
2
230626

0
0
1
0

#CHEN
1
7
1
1
F20TS0001
230626
RPS DIFFA



41180020
DI-20-RPS Diffa
Clts CASH-RPS-Diffa
1
0
0,000000
41180020
1
1
0






CHDI20RPS
1
21
11
1
1
1
0
0,0000
0,0000
1
0
2
4118000
18:59:02



0


0
0
0
0
0
0
0,0000
0
0
0,0000
0
0
0,0000
0
0



0
0
0




#CHLI
RPS DIFFA
GAS
GASOIL







0
618,0000
0,00
288,19
288,19

0,0000
0,0000

0
615,13
0
615,13
0



DI-20-RPS Diffa
CHDI20RPS
1

0
0,0000
0
0
0,0000
0
0
0,0000
0
0
41180020


0
0


0
0


230626



0

0,00
#CHLI
RPS DIFFA
SUP
SUPER







0
499,0000
0,00
5069,04
5069,04

0,0000
0,0000

0
488,93
0
488,93
0



DI-20-RPS Diffa
CHDI20RPS
1

0
0,0000
0
0
0,0000
0
0
0,0000
0
0
41180020


0
0


0
0


230626



0

0,00
#CHRE
2
230626

0
0
1
0

#CHEN
1
7
1
1
F20TS0002
230626
RPS DIFFA



41120026
DI-20-RPS Diffa
Rimbo Transport
1
0
0,000000
41120026
1
1
0






CHDI20RPS
1
21
11
1
1
1
0
0,0000
0,0000
1
0
2
4112000
19:00:11



0


0
0
0
0
0
0
0,0000
0
0
0,0000
0
0
0,0000
0
0



0
0
0




#CHLI
RPS DIFFA
GAS
0017703/CA-5435RN







0
618,0000
0,00
558,98
558,98

0,0000
0,0000

0
615,13
0
615,13
0



DI-20-RPS Diffa
CHDI20RPS
1

0
0,0000
0
0
0,0000
0
0
0,0000
0
0
41120026


0
0


0
0


230626



0

0,00
#CHLI
RPS DIFFA
GAS
0017704/BP-6268RN







0
618,0000
0,00
643,22
643,22

0,0000
0,0000

0
615,13
0
615,13
0



DI-20-RPS Diffa
CHDI20RPS
1

0
0,0000
0
0
0,0000
0
0
0,0000
0
0
41120026


0
0


0
0


230626



0

0,00
#CHLI
RPS DIFFA
GAS
0017705/BM-1597RN







0
618,0000
0,00
626,23
626,23

0,0000
0,0000

0
615,13
0
615,13
0



DI-20-RPS Diffa
CHDI20RPS
1

0
0,0000
0
0
0,0000
0
0
0,0000
0
0
41120026


0
0


0
0


230626



0

0,00
#CHLI
RPS DIFFA
GAS
0017706/CA-5439RN







0
618,0000
0,00
629,59
629,59

0,0000
0,0000

0
615,13
0
615,13
0



DI-20-RPS Diffa
CHDI20RPS
1

0
0,0000
0
0
0,0000
0
0
0,0000
0
0
41120026


0
0


0
0


230626



0

0,00
#CHRE
2
230626

0
0
1
0

#CHEN
1
7
1
1
F20TS0003
230626
RPS DIFFA



41120002
DI-20-RPS Diffa
AZIMA
1
0
0,000000
41120002
1
1
0






CHDI20RPS
1
21
11
1
1
1
0
0,0000
0,0000
1
0
2
4112000
19:01:53



0


0
0
0
0
0
0
0,0000
0
0
0,0000
0
0
0,0000
0
0



0
0
0




#CHLI
RPS DIFFA
GAS
0034776/AX-7090RN







0
618,0000
0,00
900,00
900,00

0,0000
0,0000

0
615,13
0
615,13
0



DI-20-RPS Diffa
CHDI20RPS
1

0
0,0000
0
0
0,0000
0
0
0,0000
0
0
41120002


0
0


0
0


230626



0

0,00
#CHLI
RPS DIFFA
GAS
0034779/AX-7113RN







0
618,0000
0,00
1200,00
1200,00

0,0000
0,0000

0
615,13
0
615,13
0



DI-20-RPS Diffa
CHDI20RPS
1

0
0,0000
0
0
0,0000
0
0
0,0000
0
0
41120002


0
0


0
0


230626



0

0,00
#CHRE
2
230626

0
0
1
0

#CHEN
1
7
1
1
F01TS0001
230626
RPS GAYA 01



41180001
DO-01-RPS Gaya
Clts CASH-RPS-Gaya01
1
0
0,000000
41180001
1
1
0






CHDOG01RPS
1
21
11
1
1
1
0
0,0000
0,0000
1
0
2
4118000
08:52:26



0


0
0
0
0
0
0
0,0000
0
0
0,0000
0
0
0,0000
0
0



0
0
0




#CHLI
RPS GAYA 01
GAS
GASOIL







0
618,0000
0,00
8419,97
8419,97

0,0000
0,0000

0
494,00
0
494,00
0



DO-01-RPS Gaya
CHDOG01RPS
1

0
0,0000
0
0
0,0000
0
0
0,0000
0
0
41180001


0
0


0
0


230626



0

0,00
#CHLI
RPS GAYA 01
SUP
SUPER







0
499,0000
0,00
4,01
4,01

0,0000
0,0000

0
488,93
0
488,93
0



DO-01-RPS Gaya
CHDOG01RPS
1

0
0,0000
0
0
0,0000
0
0
0,0000
0
0
41180001


0
0


0
0


230626



0

0,00
#CHRE
2
230626

0
0
1
0

#CHEN
1
7
1
1
F01TS0002
230626
RPS GAYA 01



41110057
DO-01-RPS Gaya
Elhaji Noura
1
0
0,000000
41110057
1
1
0






CHDOG01RPS
1
21
11
1
1
1
0
0,0000
0,0000
1
0
2
4111000
08:54:54



0


0
0
0
0
0
0
0,0000
0
0
0,0000
0
0
0,0000
0
0



0
0
0




#CHLI
RPS GAYA 01
GAS
BON N006 / BJ8505RN







0
618,0000
0,00
450,00
450,00

0,0000
0,0000

0
494,00
0
494,00
0



DO-01-RPS Gaya
CHDOG01RPS
1

0
0,0000
0
0
0,0000
0
0
0,0000
0
0
41110057


0
0


0
0


230626



0

0,00
#CHRE
2
230626

0
0
1
0

#CHEN
1
7
1
1
F01TS0003
230626




41120059
DO-01-RPS Gaya
YAHAYA OULD AHMED
1
0
0,000000
41120059
1
1
0







1
21
11
1
1
1
0
0,0000
0,0000
1
0
2
4112000
08:55:42



0


0
0
0
0
0
0
0,0000
0
0
0,0000
0
0
0,0000
0
0



0
0
0




#CHLI

GAS
BON N 21888 / AG4905RN







0
618,0000
0,00
25,00
25,00

0,0000
0,0000

0
494,00
0
494,00
0



DO-01-RPS Gaya

1

0
0,0000
0
0
0,0000
0
0
0,0000
0
0
41120059


0
0


0
0


230626



0

0,00
#CHLI

GAS
BON N21887 / AB499RN







0
618,0000
0,00
300,00
300,00

0,0000
0,0000

0
494,00
0
494,00
0



DO-01-RPS Gaya

1

0
0,0000
0
0
0,0000
0
0
0,0000
0
0
41120059


0
0


0
0


230626



0

0,00
#CHLI

GAS
BON N 21886 / AK7586RN







0
618,0000
0,00
300,00
300,00

0,0000
0,0000

0
494,00
0
494,00
0



DO-01-RPS Gaya

1

0
0,0000
0
0
0,0000
0
0
0,0000
0
0
41120059


0
0


0
0


230626



0

0,00
#CHRE
2
230626

0
0
1
0

#CHEN
1
7
1
1
F02000010
230626
RPS AUTOGARE



41180002
DO-02-RPS Dosso

1
0
0,000000
41180002
1
1
0






CHDO02RPS
1
21
11
1
1
1
0
0,0000
0,0000
1
0
2
4118000
08:07:37



0


0
0
0
0
0
0
0,0000
0
0
0,0000
0
0
0,0000
0
0



0
0
0




#CHLI
RPS AUTOGARE
GAS
GASOIL







0
618,0000
0,00
985,20
985,20

0,0000
0,0000

0
615,13
0
615,13
0



DO-02-RPS Dosso
CHDO02RPS
1

0
0,0000
0
0
0,0000
0
0
0,0000
0
0
41180002


0
0


0
0


230626



0

0,00
#CHLI
RPS AUTOGARE
SUP
SUPER







0
499,0000
0,00
4624,06
4624,06

0,0000
0,0000

0
488,93
0
488,93
0



DO-02-RPS Dosso
CHDO02RPS
1

0
0,0000
0
0
0,0000
0
0
0,0000
0
0
41180002


0
0


0
0


230626



0

0,00
#CHRE
2
230626

0
0
1
0

#CHEN
1
7
1
1
F02000011
230626
RPS AUTOGARE



41120050
DO-02-RPS Dosso
SSN
1
0
0,000000
41120050
1
1
0






CHDO02RPS
1
21
11
1
1
1
0
0,0000
0,0000
1
0
2
4112000
08:08:28



0


0
0
0
0
0
0
0,0000
0
0
0,0000
0
0
0,0000
0
0



0
0
0




#CHLI
RPS AUTOGARE
GAS
CARTE SSN/-/SWIS CONTACT/-/2025051361850183/-/TT03364







0
618,0000
0,00
61,49
61,49

0,0000
0,0000

0
615,13
0
615,13
0



DO-02-RPS Dosso
CHDO02RPS
1

0
0,0000
0
0
0,0000
0
0
0,0000
0
0
41120050


0
0


0
0


230626



0

0,00
#CHLI
RPS AUTOGARE
SUP
CARTE SSN/-/AVENIR/-/2024071600694342/-/AY2962







0
499,0000
0,00
2,00
2,00

0,0000
0,0000

0
488,93
0
488,93
0



DO-02-RPS Dosso
CHDO02RPS
1

0
0,0000
0
0
0,0000
0
0
0,0000
0
0
41120050


0
0


0
0


230626



0

0,00
#CHLI
RPS AUTOGARE
GAS
CARTE SSN/-/AVENIR/-/2024071600694342/-/AE7862







0
618,0000
0,00
61,83
61,83

0,0000
0,0000

0
615,13
0
615,13
0



DO-02-RPS Dosso
CHDO02RPS
1

0
0,0000
0
0
0,0000
0
0
0,0000
0
0
41120050


0
0


0
0


230626



0

0,00
#CHLI
RPS AUTOGARE
GAS
CARTE SSN/-/AVENIR/-/2024071600694342/-/AY1238







0
618,0000
0,00
64,71
64,71

0,0000
0,0000

0
615,13
0
615,13
0



DO-02-RPS Dosso
CHDO02RPS
1

0
0,0000
0
0
0,0000
0
0
0,0000
0
0
41120050


0
0


0
0


230626



0

0,00
#CHLI
RPS AUTOGARE
GAS
CARTE SSN/-/AVENIR/-/2024071600694342/-/AY1237







0
618,0000
0,00
106,35
106,35

0,0000
0,0000

0
615,13
0
615,13
0



DO-02-RPS Dosso
CHDO02RPS
1

0
0,0000
0
0
0,0000
0
0
0,0000
0
0
41120050


0
0


0
0


230626



0

0,00
#CHLI
RPS AUTOGARE
GAS
CARTE SSN/-/AVENIR/-/2024071600694342/-/BC6669







0
618,0000
0,00
83,75
83,75

0,0000
0,0000

0
615,13
0
615,13
0



DO-02-RPS Dosso
CHDO02RPS
1

0
0,0000
0
0
0,0000
0
0
0,0000
0
0
41120050


0
0


0
0


230626



0

0,00
#CHLI
RPS AUTOGARE
GAS
CARTE SSN/-/AVENIR/-/2024071600694342/-/AV9527







0
618,0000
0,00
90,43
90,43

0,0000
0,0000

0
615,13
0
615,13
0



DO-02-RPS Dosso
CHDO02RPS
1

0
0,0000
0
0
0,0000
0
0
0,0000
0
0
41120050


0
0


0
0


230626



0

0,00
#CHLI
RPS AUTOGARE
GAS
CARTE SSN/-/AVENIR/-/2024071600694342/-/AY0966







0
618,0000
0,00
63,20
63,20

0,0000
0,0000

0
615,13
0
615,13
0



DO-02-RPS Dosso
CHDO02RPS
1

0
0,0000
0
0
0,0000
0
0
0,0000
0
0
41120050


0
0


0
0


230626



0

0,00
#CHLI
RPS AUTOGARE
GAS
CARTE SSN/-/AVENIR/-/2024071600694342/-/AY0967







0
618,0000
0,00
75,67
75,67

0,0000
0,0000

0
615,13
0
615,13
0



DO-02-RPS Dosso
CHDO02RPS
1

0
0,0000
0
0
0,0000
0
0
0,0000
0
0
41120050


0
0


0
0


230626



0

0,00
#CHLI
RPS AUTOGARE
GAS
CARTE SSN/-/AVENIR/-/2024071600694342/-/BC9129







0
618,0000
0,00
53,69
53,69

0,0000
0,0000

0
615,13
0
615,13
0



DO-02-RPS Dosso
CHDO02RPS
1

0
0,0000
0
0
0,0000
0
0
0,0000
0
0
41120050


0
0


0
0


230626



0

0,00
#CHRE
2
230626

0
0
1
0

#CHEN
1
7
1
1
F02000012
230626
RPS AUTOGARE



41180002
DO-02-RPS Dosso

1
0
0,000000
41180002
1
1
0






CHDO02RPS
1
21
11
1
1
1
0
0,0000
0,0000
1
0
2
4118000
08:14:02



0


0
0
0
0
0
0
0,0000
0
0
0,0000
0
0
0,0000
0
0



0
0
0




#CHLI
RPS AUTOGARE
GAS
EMA-TRANSPORT/-/BQ3306







0
618,0000
0,00
330,00
330,00

0,0000
0,0000

0
615,13
0
615,13
0



DO-02-RPS Dosso
CHDO02RPS
1

0
0,0000
0
0
0,0000
0
0
0,0000
0
0
41180002


0
0


0
0


230626



0

0,00
#CHRE
2
230626

0
0
1
0

#CHEN
1
7
1
1
F02000013
230626
RPS AUTOGARE



41110005
DO-02-RPS Dosso
Isheikh Hamma HAMI
1
0
0,000000
41110005
1
1
0






CHDO02RPS
1
21
11
1
1
1
0
0,0000
0,0000
1
0
2
4111000
08:15:01



0


0
0
0
0
0
0
0,0000
0
0
0,0000
0
0
0,0000
0
0



0
0
0




#CHLI
RPS AUTOGARE
GAS
Hamma HAMI/-/BN3833







0
618,0000
0,00
1500,00
1500,00

0,0000
0,0000

0
615,13
0
615,13
0



DO-02-RPS Dosso
CHDO02RPS
1

0
0,0000
0
0
0,0000
0
0
0,0000
0
0
41110005


0
0


0
0


230626



0

0,00
#CHLI
RPS AUTOGARE
GAS
Hamma HAMI/-/BM9801







0
618,0000
0,00
1000,00
1000,00

0,0000
0,0000

0
615,13
0
615,13
0



DO-02-RPS Dosso
CHDO02RPS
1

0
0,0000
0
0
0,0000
0
0
0,0000
0
0
41110005


0
0


0
0


230626



0

0,00
#CHLI
RPS AUTOGARE
GAS
Hamma HAMI/-/BN3843







0
618,0000
0,00
1500,00
1500,00

0,0000
0,0000

0
615,13
0
615,13
0



DO-02-RPS Dosso
CHDO02RPS
1

0
0,0000
0
0
0,0000
0
0
0,0000
0
0
41110005


0
0


0
0


230626



0

0,00
#CHLI
RPS AUTOGARE
GAS
Hamma HAMI/-/BN2183







0
618,0000
0,00
1500,00
1500,00

0,0000
0,0000

0
615,13
0
615,13
0



DO-02-RPS Dosso
CHDO02RPS
1

0
0,0000
0
0
0,0000
0
0
0,0000
0
0
41110005


0
0


0
0


230626



0

0,00
#CHLI
RPS AUTOGARE
GAS
Hamma HAMI/-/BN3840







0
618,0000
0,00
1250,00
1250,00

0,0000
0,0000

0
615,13
0
615,13
0



DO-02-RPS Dosso
CHDO02RPS
1

0
0,0000
0
0
0,0000
0
0
0,0000
0
0
41110005


0
0


0
0


230626



0

0,00
#CHRE
2
230626

0
0
1
0

#CHEN
1
7
1
1
F03000002
230626
RPS GAYA 02



41180003
DO-03-RPS Gaya

1
0
0,000000
41180003
1
1
0






CHDOG03RPS
1
21
11
1
1
1
0
0,0000
0,0000
1
0
2
4118000
07:17:32



0


0
0
0
0
0
0
0,0000
0
0
0,0000
0
0
0,0000
0
0



0
0
0




#CHLI
RPS GAYA 02
GAS
GASOIL







0
618,0000
0,00
3172,47
3172,47

0,0000
0,0000

0
494,00
0
494,00
0



DO-03-RPS Gaya
CHDOG03RPS
1

0
0,0000
0
0
0,0000
0
0
0,0000
0
0
41180003


0
0


0
0


230626



0

0,00
#CHRE
2
230626

0
0
1
0

#CHEN
1
7
1
1
F03000003
230626
RPS GAYA 02



41110024
DO-03-RPS Gaya
ETS Oudou Younoussa
1
0
0,000000
41110024
1
1
0






CHDOG03RPS
1
21
11
1
1
1
0
0,0000
0,0000
1
0
2
4111000
07:18:41



0


0
0
0
0
0
0
0,0000
0
0
0,0000
0
0
0,0000
0
0



0
0
0




#CHLI
RPS GAYA 02
GAS
HOUDOU YOUNOUSSA/ AP 1592







0
618,0000
0,00
50,00
50,00

0,0000
0,0000

0
494,00
0
494,00
0



DO-03-RPS Gaya
CHDOG03RPS
1

0
0,0000
0
0
0,0000
0
0
0,0000
0
0
41110024


0
0


0
0


230626



0

0,00
#CHRE
2
230626

0
0
1
0

#CHEN
1
7
1
1
F05000829
230626
RPS DOUTCHI



41180005
DO-05-RPS Doutchi
Clts CASH-RPS-Doutchi
1
0
0,000000
41180005
1
1
0







1
21
11
1
1
1
0
0,0000
0,0000
1
0
2
4118000
09:19:16



0


0
0
0
0
0
0
0,0000
0
0
0,0000
0
0
0,0000
0
0



0
0
0




#CHLI
RPS DOUTCHI
GAS
GASOIL







1
618,00
0,00
990,94
990,94

0,0000
0,0000

0
618,50
0
618,50
0



DO-05-RPS Doutchi

1

0
0,0000
0
0
0,0000
0
0
0,0000
0
0
41180005


0
0


0
0


230626



0

0,00
#CHRE
2
230626

0
0
1
0

#CHEN
1
7
1
1
F05000830
230626
RPS DOUTCHI



41110075
DO-05-RPS Doutchi
SINOMA CARGO
1
0
0,000000
41110075
1
1
0







1
21
11
1
1
1
0
0,0000
0,0000
1
0
2
4111000
09:20:16



0


0
0
0
0
0
0
0,0000
0
0
0,0000
0
0
0,0000
0
0



0
0
0




#CHLI
RPS DOUTCHI
GAS
T95/CB9389RN







1
618,00
0,00
186,00
186,00

0,0000
0,0000

0
618,50
0
618,50
0



DO-05-RPS Doutchi

1

0
0,0000
0
0
0,0000
0
0
0,0000
0
0
41110075


0
0


0
0


230626



0

0,00
#CHLI
RPS DOUTCHI
GAS
T96/CB9386RN







1
618,00
0,00
186,00
186,00

0,0000
0,0000

0
618,50
0
618,50
0



DO-05-RPS Doutchi

1

0
0,0000
0
0
0,0000
0
0
0,0000
0
0
41110075


0
0


0
0


230626



0

0,00
#CHLI
RPS DOUTCHI
GAS
T98/CB9395RN







1
618,00
0,00
186,00
186,00

0,0000
0,0000

0
618,50
0
618,50
0



DO-05-RPS Doutchi

1

0
0,0000
0
0
0,0000
0
0
0,0000
0
0
41110075


0
0


0
0


230626



0

0,00
#CHRE
2
230626

0
0
1
0

#CHEN
1
7
1
1
F05000831
230626
RPS DOUTCHI



41120025
DO-05-RPS Doutchi
Techni Consult
1
0
0,000000
41120025
1
1
0







1
21
11
1
1
1
0
0,0000
0,0000
1
0
2
4112000
09:22:00



0


0
0
0
0
0
0
0,0000
0
0
0,0000
0
0
0,0000
0
0



0
0
0




#CHLI
RPS DOUTCHI
GAS
AP4301RN/Nø639







1
618,00
0,00
60,76
60,76

0,0000
0,0000

0
618,50
0
618,50
0



DO-05-RPS Doutchi

1

0
0,0000
0
0
0,0000
0
0
0,0000
0
0
41120025


0
0


0
0


230626



0

0,00
#CHLI
RPS DOUTCHI
GAS
AY7366RN/Nø640







1
618,00
0,00
66,02
66,02

0,0000
0,0000

0
618,50
0
618,50
0



DO-05-RPS Doutchi

1

0
0,0000
0
0
0,0000
0
0
0,0000
0
0
41120025


0
0


0
0


230626



0

0,00
#CHLI
RPS DOUTCHI
GAS
IT03589/Nø806







1
618,00
0,00
127,13
127,13

0,0000
0,0000

0
618,50
0
618,50
0



DO-05-RPS Doutchi

1

0
0,0000
0
0
0,0000
0
0
0,0000
0
0
41120025


0
0


0
0


230626



0

0,00
#CHRE
2
230626

0
0
1
0

#CHEN
1
7
1
1
F05000832
230626
RPS DOUTCHI



41180005
DO-05-RPS Doutchi
Clts CASH-RPS-Doutchi
1
0
0,000000
41180005
1
1
0







1
21
11
1
1
1
0
0,0000
0,0000
1
0
2
4118000
09:25:15



0


0
0
0
0
0
0
0,0000
0
0
0,0000
0
0
0,0000
0
0



0
0
0




#CHLI
RPS DOUTCHI
SUP
SUPER







0
499,0000
0,00
238,09
238,09

0,0000
0,0000

0
488,93
0
488,93
0



DO-05-RPS Doutchi

1

0
0,0000
0
0
0,0000
0
0
0,0000
0
0
41180005


0
0


0
0


230626



0

0,00
#CHRE
2
230626

0
0
1
0

#CHEN
1
7
1
1
F05000833
230626
RPS DOUTCHI



41120025
DO-05-RPS Doutchi
Techni Consult
1
0
0,000000
41120025
1
1
0







1
21
11
1
1
1
0
0,0000
0,0000
1
0
2
4112000
09:26:00



0


0
0
0
0
0
0
0,0000
0
0
0,0000
0
0
0,0000
0
0



0
0
0




#CHLI
RPS DOUTCHI
SUP
BA0792RN/Nø641







0
499,0000
0,00
68,81
68,81

0,0000
0,0000

0
488,93
0
488,93
0



DO-05-RPS Doutchi

1

0
0,0000
0
0
0,0000
0
0
0,0000
0
0
41120025


0
0


0
0


230626



0

0,00
#CHRE
2
230626

0
0
1
0

#CHEN
1
7
1
1
F05000834
230626
RPS DOUTCHI



41120050
DO-05-RPS Doutchi
SSN
1
0
0,000000
41120050
1
1
0







1
21
11
1
1
1
0
0,0000
0,0000
1
0
2
4112000
09:26:40



0


0
0
0
0
0
0
0,0000
0
0
0,0000
0
0
0,0000
0
0



0
0
0




#CHLI
RPS DOUTCHI
SUP
NIGELEC DOUTCHI2026120002047415/BL6343RN







0
499,0000
0,00
10,02
10,02

0,0000
0,0000

0
488,93
0
488,93
0



DO-05-RPS Doutchi

1

0
0,0000
0
0
0,0000
0
0
0,0000
0
0
41120050


0
0


0
0


230626



0

0,00
#CHLI
RPS DOUTCHI
SUP
NIGELEC DOUTCHI2026120002046755/BL6343RN







0
499,0000
0,00
10,02
10,02

0,0000
0,0000

0
488,93
0
488,93
0



DO-05-RPS Doutchi

1

0
0,0000
0
0
0,0000
0
0
0,0000
0
0
41120050


0
0


0
0


230626



0

0,00
#CHLI
RPS DOUTCHI
SUP
NIGELEC DOUTCHI2026120002045278/BL6343RN







0
499,0000
0,00
10,02
10,02

0,0000
0,0000

0
488,93
0
488,93
0



DO-05-RPS Doutchi

1

0
0,0000
0
0
0,0000
0
0
0,0000
0
0
41120050


0
0


0
0


230626



0

0,00
#CHLI
RPS DOUTCHI
SUP
NIGELEC DOUTCHI2026120002048165/BL6343RN







0
499,0000
0,00
10,02
10,02

0,0000
0,0000

0
488,93
0
488,93
0



DO-05-RPS Doutchi

1

0
0,0000
0
0
0,0000
0
0
0,0000
0
0
41120050


0
0


0
0


230626



0

0,00
#CHLI
RPS DOUTCHI
SUP
NIGELEC DOUTCHI2026120002048736/BL6343RN







0
499,0000
0,00
10,02
10,02

0,0000
0,0000

0
488,93
0
488,93
0



DO-05-RPS Doutchi

1

0
0,0000
0
0
0,0000
0
0
0,0000
0
0
41120050


0
0


0
0


230626



0

0,00
#CHRE
2
230626

0
0
1
0

#CHEN
1
7
1
1
F35000001
230626
RPS Gaya 03



41180035
DO-35-RPS Gaya 03
Clts CASH-RPS Gaya 03
1
0
0,000000
41180035
1
1
0







1
21
11
1
1
1
0
0,0000
0,0000
1
0
2
4118000
06:11:40



0


0
0
0
0
0
0
0,0000
0
0
0,0000
0
0
0,0000
0
0



0
0
0




#CHLI
RPS Gaya 03
GAS
GASOIL







0
618,0000
0,00
1030,50
1030,50

0,0000
0,0000

0
615,00
0
615,00
0



DO-35-RPS Gaya 03

1

0
0,0000
0
0
0,0000
0
0
0,0000
0
0
41180035


0
0


0
0


230626



0

0,00
#CHLI
RPS Gaya 03
SUP
SUPER







0
499,0000
0,00
1694,09
1694,09

0,0000
0,0000

0
488,93
0
488,93
0



DO-35-RPS Gaya 03

1

0
0,0000
0
0
0,0000
0
0
0,0000
0
0
41180035


0
0


0
0


230626



0

0,00
#CHRE
2
230626

0
0
1
0

#CHEN
1
7
1
1
F36000013
230626
RPS Tandobon



41110005
DO-36-RPS Tandobon
Isheikh Hamma HAMI
1
0
0,000000
41110005
1
1
0






CHDO36RPS
1
21
11
1
1
1
0
0,0000
0,0000
1
0
2
4111000
08:04:44



0


0
0,00
0
0
0,00
0
0,0000
0
0
0,0000
0
0
0,0000
0
0



0
0
0




#CHLI
RPS TONDOBON
GAS
HAMMA HAMID / BN 3819







0
618,0000
0,00
1250,00
1250,00

0,0000
0,0000

0
615,13
0,00
615,13
0



DO-36-RPS Tandobon
CHDO36RPS
1

0
0,0000
0
0
0,0000
0
0
0,0000
0
0
41110005


0
0


0
0


230626



0

0,00
#CHLI
RPS TONDOBON
GAS
HAMMA HAMID / BN 1335







0
618,0000
0,00
1250,00
1250,00

0,0000
0,0000

0
615,13
0,00
615,13
0



DO-36-RPS Tandobon
CHDO36RPS
1

0
0,0000
0
0
0,0000
0
0
0,0000
0
0
41110005


0
0


0
0


230626



0

0,00
#CHRE
2
230626

0,00
0,00
1
0

#CHEN
1
7
1
1
F36000014
230626
RPS Tandobon



41120040
DO-36-RPS Tandobon
SOTCO
1
0
0,000000
41120040
1
1
0






CHDO36RPS
1
21
11
1
1
1
0
0,0000
0,0000
1
0
2
4110000
08:08:43



0


0
0,00
0
0
0,00
0
0,0000
0
0
0,0000
0
0
0,0000
0
0



0
0
0




#CHLI
RPS TONDOBON
GAS
SOTCO / CG 7865







0
618,0000
0,00
150,00
150,00

0,0000
0,0000

0
615,13
0,00
615,13
0



DO-36-RPS Tandobon
CHDO36RPS
1

0
0,0000
0
0
0,0000
0
0
0,0000
0
0
41120040


0
0


0
0


230626



0

0,00
#CHRE
2
230626

0,00
0,00
1
0

#CHEN
1
7
1
1
F36000015
230626
RPS Tandobon



41110087
DO-36-RPS Tandobon
Nassirou Yacouba
1
0
0,000000
41110087
1
1
0






CHDO36RPS
1
21
11
1
1
1
0
0,0000
0,0000
1
0
2
4111000
08:11:06



0


0
0,00
0
0
0,00
0
0,0000
0
0
0,0000
0
0
0,0000
0
0



0
0
0




#CHLI
RPS TONDOBON
GAS
NASSIROU YACOUBA / BL 9689







0
618,0000
0,00
900,00
900,00

0,0000
0,0000

0
615,13
0,00
615,13
0



DO-36-RPS Tandobon
CHDO36RPS
1

0
0,0000
0
0
0,0000
0
0
0,0000
0
0
41110087


0
0


0
0


230626



0

0,00
#CHLI
RPS TONDOBON
GAS
NASSIROU YACOUBA / CB 7115







0
618,0000
0,00
300,00
300,00

0,0000
0,0000

0
615,13
0,00
615,13
0



DO-36-RPS Tandobon
CHDO36RPS
1

0
0,0000
0
0
0,0000
0
0
0,0000
0
0
41110087


0
0


0
0


230626



0

0,00
#CHLI
RPS TONDOBON
GAS
NASSIROU YACOUBA / CB 7115







0
618,0000
0,00
600,00
600,00

0,0000
0,0000

0
615,13
0,00
615,13
0



DO-36-RPS Tandobon
CHDO36RPS
1

0
0,0000
0
0
0,0000
0
0
0,0000
0
0
41110087


0
0


0
0


230626



0

0,00
#CHRE
2
230626

0,00
0,00
1
0

#CHEN
1
7
1
1
F36000016
230626
RPS Tandobon



41120026
DO-36-RPS Tandobon
Rimbo Transport
1
0
0,000000
41120026
1
1
0






CHDO36RPS
1
21
11
1
1
1
0
0,0000
0,0000
1
0
2
4112000
08:14:43



0


0
0,00
0
0
0,00
0
0,0000
0
0
0,0000
0
0
0,0000
0
0



0
0
0




#CHLI
RPS TONDOBON
GAS
RIMBO TRANSPORT / N* 38015/ BA 4171







0
618,0000
0,00
630,04
630,04

0,0000
0,0000

0
615,13
0,00
615,13
0



DO-36-RPS Tandobon
CHDO36RPS
1

0
0,0000
0
0
0,0000
0
0
0,0000
0
0
41120026


0
0


0
0


230626



0

0,00
#CHLI
RPS TONDOBON
GAS
RIMBO TRANSPORT / N* 38014/ BA 4170







0
618,0000
0,00
400,00
400,00

0,0000
0,0000

0
615,13
0,00
615,13
0



DO-36-RPS Tandobon
CHDO36RPS
1

0
0,0000
0
0
0,0000
0
0
0,0000
0
0
41120026


0
0


0
0


230626



0

0,00
#CHLI
RPS TONDOBON
GAS
RIMBO TRANSPORT / N* 38013/ AB 0615







0
618,0000
0,00
200,00
200,00

0,0000
0,0000

0
615,13
0,00
615,13
0



DO-36-RPS Tandobon
CHDO36RPS
1

0
0,0000
0
0
0,0000
0
0
0,0000
0
0
41120026


0
0


0
0


230626



0

0,00
#CHRE
2
230626

0,00
0,00
1
0

#CHEN
1
7
1
1
F36000017
230626
RPS Tandobon



41180036
DO-36-RPS Tandobon
Clts CASH-RPS-Tandobon
1
0
0,000000
41180036
1
1
0






CHDO36RPS
1
21
11
1
1
1
0
0,0000
0,0000
1
0
2
4118000
08:08:43



0


0
0,00
0
0
0,00
0
0,0000
0
0
0,0000
0
0
0,0000
0
0



0
0
0




#CHLI
RPS TONDOBON
GAS
GASOIL







0
618,0000
0,00
540,19
540,19

0,0000
0,0000

0
615,13
0,00
615,13
0



DO-36-RPS Tandobon
CHDO36RPS
1

0
0,0000
0
0
0,0000
0
0
0,0000
0
0
41180036


0
0


0
0


230626



0

0,00
#CHLI
RPS TONDOBON
SUP
SUPER







0
499,0000
0,00
5526,42
5526,42

0,0000
0,0000

0
440,00
0,00
440,00
0



DO-36-RPS Tandobon
CHDO36RPS
1

0
0,0000
0
0
0,0000
0
0
0,0000
0
0
41180036


0
0


0
0


230626



0

0,00
#CHRE
2
230626

0,00
0,00
1
0

#CHEN
1
7
1
1
F04000000
230626
RPS04TESSAOUA



41180004
MI-04-RPS Tessaoua
Clts CASH-RPS-Tessaoua
1
0
0,000000
41180004
1
1
0







1
21
11
1
1
1
0
0,0000
0,0000
1
0
2
4118000
07:37:00



0


0
0
0
0
0
0
0,0000
0
0
0,0000
0
0
0,0000
0
0



0
0
0




#CHRE
2
230626

0
0
1
0

#CHEN
1
7
1
1
F04000001
230626
RPS04TESSAOUA



41180004
MI-04-RPS Tessaoua
Clts CASH-RPS-Tessaoua
1
0
0,000000
41180004
1
1
0







1
21
11
1
1
1
0
0,0000
0,0000
1
0
2
4118000
07:39:03



0


0
0
0
0
0
0
0,0000
0
0
0,0000
0
0
0,0000
0
0



0
0
0




#CHLI
RPS04TESSAOUA
GAS
GASOIL







0
618,0000
0,00
1268,72
1268,72

0,0000
0,0000

0
0,00
0
0,00
0



MI-04-RPS Tessaoua

1

0
0,0000
0
0
0,0000
0
0
0,0000
0
0
41180004


0
0


0
0


230626



0

0,00
#CHRE
2
230626

0
0
1
0

#CHEN
1
7
1
1
F04000002
230626
RPS04TESSAOUA



41120042
MI-04-RPS Tessaoua
ZAMANI TELECOM
1
0
0,000000
41120042
1
1
0







1
21
11
1
1
1
0
0,0000
0,0000
1
0
2
4112000
07:39:58



0


0
0
0
0
0
0
0,0000
0
0
0,0000
0
0
0,0000
0
0



0
0
0




#CHLI
RPS04TESSAOUA
GAS
BIDON







0
618,0000
0,00
800,00
800,00

0,0000
0,0000

0
0,00
0
0,00
0



MI-04-RPS Tessaoua

1

0
0,0000
0
0
0,0000
0
0
0,0000
0
0
41120042


0
0


0
0


230626



0

0,00
#CHRE
2
230626

0
0
1
0

#CHEN
1
7
1
1
F12000006
230626
RPSMARADI12



41180012
MI-12-RPS Maradi
Clts CASH-RPS-Maradi
1
0
0,000000
41180012
1
1
0






CHMI12RPS
1
21
11
1
1
1
0
0,0000
0,0000
1
0
2
4118000
07:42:07



0


0
0
0
0
0
0
0,0000
0
0
0,0000
0
0
0,0000
0
0



0
0
0




#CHLI
RPSMARADI12
GAS
GASOIL







0
618,0000
0,00
502,01
502,01

0,0000
0,0000

0
494,00
0
494,00
0



MI-12-RPS Maradi
CHMI12RPS
1

0
0,0000
0
0
0,0000
0
0
0,0000
0
0
41180012


0
0


0
0


230626



0

0,00
#CHRE
2
230626

0
0
1
0

#CHEN
1
7
1
1
F12000007
230626
RPSMARADI12



41120040
MI-12-RPS Maradi
SOTCO
1
0
0,000000
41120040
1
1
0






CHMI12RPS
1
21
11
1
1
1
0
0,0000
0,0000
1
0
2
4110000
07:42:51



0


0
0
0
0
0
0
0,0000
0
0
0,0000
0
0
0,0000
0
0



0
0
0




#CHLI
RPSMARADI12
GAS
BM 04058 RN







0
618,0000
0,00
700,00
700,00

0,0000
0,0000

0
494,00
0
494,00
0



MI-12-RPS Maradi
CHMI12RPS
1

0
0,0000
0
0
0,0000
0
0
0,0000
0
0
41120040


0
0


0
0


230626



0

0,00
#CHLI
RPSMARADI12
GAS
BM 4058 RN







0
618,0000
0,00
525,80
525,80

0,0000
0,0000

0
494,00
0
494,00
0



MI-12-RPS Maradi
CHMI12RPS
1

0
0,0000
0
0
0,0000
0
0
0,0000
0
0
41120040


0
0


0
0


230626



0

0,00
#CHRE
2
230626

0
0
1
0

#CHEN
1
7
1
1
F12000008
230626
RPSMARADI12



41120043
MI-12-RPS Maradi
SOTCO COURSE
1
0
0,000000
41120043
1
1
0






CHMI12RPS
1
21
11
1
1
1
0
0,0000
0,0000
1
0
2
4112000
07:43:30



0


0
0
0
0
0
0
0,0000
0
0
0,0000
0
0
0,0000
0
0



0
0
0




#CHLI
RPSMARADI12
GAS
CG 7846 RN







0
618,0000
0,00
50,00
50,00

0,0000
0,0000

0
494,00
0
494,00
0



MI-12-RPS Maradi
CHMI12RPS
1

0
0,0000
0
0
0,0000
0
0
0,0000
0
0
41120043


0
0


0
0


230626



0

0,00
#CHRE
2
230626

0
0
1
0

#CHEN
1
7
1
1
F12000009
230626
RPSMARADI12



41110050
MI-12-RPS Maradi
Assadek Bouzou
1
0
0,000000
41110050
1
1
0






CHMI12RPS
1
21
11
1
1
1
0
0,0000
0,0000
1
0
2
4111000
07:44:01



0


0
0
0
0
0
0
0,0000
0
0
0,0000
0
0
0,0000
0
0



0
0
0




#CHLI
RPSMARADI12
GAS
BM 2946 RN







0
618,0000
0,00
400,00
400,00

0,0000
0,0000

0
494,00
0
494,00
0



MI-12-RPS Maradi
CHMI12RPS
1

0
0,0000
0
0
0,0000
0
0
0,0000
0
0
41110050


0
0


0
0


230626



0

0,00
#CHLI
RPSMARADI12
GAS
AY 9367 RN







0
618,0000
0,00
425,00
425,00

0,0000
0,0000

0
494,00
0
494,00
0



MI-12-RPS Maradi
CHMI12RPS
1

0
0,0000
0
0
0,0000
0
0
0,0000
0
0
41110050


0
0


0
0


230626



0

0,00
#CHRE
2
230626

0
0
1
0

#CHEN
1
7
1
1
F12000010
230626
RPSMARADI12



41110087
MI-12-RPS Maradi
Nassirou Yacouba
1
0
0,000000
41110087
1
1
0






CHMI12RPS
1
21
11
1
1
1
0
0,0000
0,0000
1
0
2
4111000
07:44:53



0


0
0
0
0
0
0
0,0000
0
0
0,0000
0
0
0,0000
0
0



0
0
0




#CHLI
RPSMARADI12
GAS
AL 1449 RB







0
618,0000
0,00
400,00
400,00

0,0000
0,0000

0
494,00
0
494,00
0



MI-12-RPS Maradi
CHMI12RPS
1

0
0,0000
0
0
0,0000
0
0
0,0000
0
0
41110087


0
0


0
0


230626



0

0,00
#CHRE
2
230626

0
0
1
0

#CHEN
1
7
1
1
F12000011
230626
RPSMARADI12



41120042
MI-12-RPS Maradi
ZAMANI TELECOM
1
0
0,000000
41120042
1
1
0






CHMI12RPS
1
21
11
1
1
1
0
0,0000
0,0000
1
0
2
4112000
07:45:35



0


0
0
0
0
0
0
0,0000
0
0
0,0000
0
0
0,0000
0
0



0
0
0




#CHLI
RPSMARADI12
GAS
DAL 78 NC







0
618,0000
0,00
2400,00
2400,00

0,0000
0,0000

0
494,00
0
494,00
0



MI-12-RPS Maradi
CHMI12RPS
1

0
0,0000
0
0
0,0000
0
0
0,0000
0
0
41120042


0
0


0
0


230626



0

0,00
#CHRE
2
230626

0
0
1
0

#CHEN
1
7
1
1
F12000012
230626
RPSMARADI12



41120050
MI-12-RPS Maradi
SSN
1
0
0,000000
41120050
1
1
0






CHMI12RPS
1
21
11
1
1
1
0
0,0000
0,0000
1
0
2
4112000
07:46:29



0


0
0
0
0
0
0
0,0000
0
0
0,0000
0
0
0,0000
0
0



0
0
0




#CHLI
RPSMARADI12
GAS
AX 7099 RN







0
618,0000
0,00
90,52
90,52

0,0000
0,0000

0
494,00
0
494,00
0



MI-12-RPS Maradi
CHMI12RPS
1

0
0,0000
0
0
0,0000
0
0
0,0000
0
0
41120050


0
0


0
0


230626



0

0,00
#CHLI
RPSMARADI12
GAS
BD 0327 RN







0
618,0000
0,00
82,48
82,48

0,0000
0,0000

0
494,00
0
494,00
0



MI-12-RPS Maradi
CHMI12RPS
1

0
0,0000
0
0
0,0000
0
0
0,0000
0
0
41120050


0
0


0
0


230626



0

0,00
#CHLI
RPSMARADI12
GAS
AX 7097 RN







0
618,0000
0,00
92,43
92,43

0,0000
0,0000

0
494,00
0
494,00
0



MI-12-RPS Maradi
CHMI12RPS
1

0
0,0000
0
0
0,0000
0
0
0,0000
0
0
41120050


0
0


0
0


230626



0

0,00
#CHLI
RPSMARADI12
GAS
BD 0356 RN







0
618,0000
0,00
92,63
92,63

0,0000
0,0000

0
494,00
0
494,00
0



MI-12-RPS Maradi
CHMI12RPS
1

0
0,0000
0
0
0,0000
0
0
0,0000
0
0
41120050


0
0


0
0


230626



0

0,00
#CHLI
RPSMARADI12
GAS
BF 3152 RN







0
618,0000
0,00
103,00
103,00

0,0000
0,0000

0
494,00
0
494,00
0



MI-12-RPS Maradi
CHMI12RPS
1

0
0,0000
0
0
0,0000
0
0
0,0000
0
0
41120050


0
0


0
0


230626



0

0,00
#CHRE
2
230626

0
0
1
0

#CHEN
1
7
1
1
F46000000
230626
RPSG-ROUMDJI



41180046
MI-46-RPS Guidan Roumdji
Clts CASH-RPS-Guidan Roumdji
1
0
0,000000
41180046
1
1
0






CHMI46RPS
1
21
11
1
1
1
0
0,0000
0,0000
1
0
2
4118000
07:08:23



0


0
0
0
0
0
0
0,0000
0
0
0,0000
0
0
0,0000
0
0



0
0
0




#CHLI
RPSG-ROUMDJI
GAS
GASOIL







0
618,0000
0,00
75,68
75,68

0,0000
0,0000

0
606,18
0
606,18
0



MI-46-RPS Guidan Roumdji
CHMI46RPS
1

0
0,0000
0
0
0,0000
0
0
0,0000
0
0
41180046


0
0


0
0


230626



0

0,00
#CHLI
RPSG-ROUMDJI
SUP
SUPER







0
499,0000
0,00
4863,42
4863,42

0,0000
0,0000

0
487,93
0
487,93
0



MI-46-RPS Guidan Roumdji
CHMI46RPS
1

0
0,0000
0
0
0,0000
0
0
0,0000
0
0
41180046


0
0


0
0


230626



0

0,00
#CHRE
2
230626

0
0
1
0

#CHEN
1
7
1
1
F46000001
230626
RPSG-ROUMDJI



41120044
MI-46-RPS Guidan Roumdji
SCI Guidan Roumdi
1
0
0,000000
41120044
1
1
0






CHMI46RPS
1
21
11
1
1
1
0
0,0000
0,0000
1
0
2
4112000
07:09:07



0


0
0
0
0
0
0
0,0000
0
0
0,0000
0
0
0,0000
0
0



0
0
0




#CHLI
RPSG-ROUMDJI
GAS
ADM 05874 RN







0
618,0000
0,00
20,00
20,00

0,0000
0,0000

0
606,18
0
606,18
0



MI-46-RPS Guidan Roumdji
CHMI46RPS
1

0
0,0000
0
0
0,0000
0
0
0,0000
0
0
41120044


0
0


0
0


230626



0

0,00
#CHLI
RPSG-ROUMDJI
SUP
4A 0209 RN







0
499,0000
0,00
50,00
50,00

0,0000
0,0000

0
487,93
0
487,93
0



MI-46-RPS Guidan Roumdji
CHMI46RPS
1

0
0,0000
0
0
0,0000
0
0
0,0000
0
0
41120044


0
0


0
0


230626



0

0,00
#CHRE
2
230626

0
0
1
0

#CHEN
1
7
1
1
F47000000
230626
RPS MAYAHI



41180047
MI-47-RPS Mayahi

1
0
0,000000
41180047
1
1
0







1
21
11
1
1
1
0
0,0000
0,0000
1
0
2
4118000
06:30:56



0


0
0
0
0
0
0
0,0000
0
0
0,0000
0
0
0,0000
0
0



0
0
0




#CHLI
RPS MAYAHI
GAS
GASOIL







0
618,0000
0,00
1527,74
1527,74

0,0000
0,0000

0
570,50
0
570,50
0



MI-47-RPS Mayahi

1

0
0,0000
0
0
0,0000
0
0
0,0000
0
0
41180047


0
0


0
0


230626



0

0,00
#CHLI
RPS MAYAHI
SUP
SUPER







0
499,0000
0,00
80,08
80,08

0,0000
0,0000

0
464,50
0
464,50
0



MI-47-RPS Mayahi

1

0
0,0000
0
0
0,0000
0
0
0,0000
0
0
41180047


0
0


0
0


230626



0

0,00
#CHRE
2
230626

0
0
1
0

#CHEN
1
7
1
1
F47000001
230626
RPS MAYAHI



41129005
MI-47-RPS Mayahi
BACOREX TELECOM
1
0
0,000000
41129005
1
1
0







1
21
11
1
1
1
0
0,0000
0,0000
1
0
2
4112000
06:36:07



0


0
0
0
0
0
0
0,0000
0
0
0,0000
0
0
0,0000
0
0



0
0
0




#CHLI
RPS MAYAHI
GAS
BNø57168/BQ6538







0
618,0000
0,00
1300,00
1300,00

0,0000
0,0000

0
570,50
0
570,50
0



MI-47-RPS Mayahi

1

0
0,0000
0
0
0,0000
0
0
0,0000
0
0
41129005


0
0


0
0


230626



0

0,00
#CHLI
RPS MAYAHI
SUP
BNø57169/BQ6538







0
499,0000
0,00
55,00
55,00

0,0000
0,0000

0
464,50
0
464,50
0



MI-47-RPS Mayahi

1

0
0,0000
0
0
0,0000
0
0
0,0000
0
0
41129005


0
0


0
0


230626



0

0,00
#CHRE
2
230626

0
0
1
0

#CHEN
1
7
1
1
F08TS0001
230626
RPS DIRECTION



41180008
NY-08-RPS Direction
Clts CASH-RPS-Direction
1
0
0,000000
41180008
1
1
0






CHNY08RPS
1
21
11
1
1
1
0
0,0000
0,0000
1
0
2
4118000
07:36:31



0


0
0,00
0
0
0,00
0
0,0000
0
0
0,0000
0
0
0,0000
0
0



0
0
0




#CHLI
RPS DIRECTION
GAS
GASOIL







0
618,0000
0,00
139,97
139,97

0,0000
0,0000

0
570,50
0,00
570,50
0



NY-08-RPS Direction
CHNY08RPS
1

0
0,0000
0
0
0,0000
0
0
0,0000
0
0
41180008


0
0


0
0


230626



0

0,00
#CHLI
RPS DIRECTION
SUP
SUPER







0
499,0000
0,00
965,94
965,94

0,0000
0,0000

0
464,86
0,00
464,86
0



NY-08-RPS Direction
CHNY08RPS
1

0
0,0000
0
0
0,0000
0
0
0,0000
0
0
41180008


0
0


0
0


230626



0

0,00
#CHRE
2
230626

0,00
0,00
1
0

#CHEN
1
7
1
1
F08TS0002
230626




41120050
NY-08-RPS Direction
SSN
1
0
0,000000
41120050
1
1
0







1
21
11
1
1
1
0
0,0000
0,0000
1
0
2
4112000
08:57:39



0


0
0,00
0
0
0,00
0
0,0000
0
0
0,0000
0
0
0,0000
0
0



0
0
0




#CHRE
2
230626

0,00
0,00
1
0

#CHEN
1
7
1
1
F11009807
230626
RPS YANTALA



41180011
NY-11-RPS Yantala
Clts CASH-RPS-Yantala
1
0
0,000000
41180011
1
1
0






CHNY11RPS
1
21
11
1
1
1
0
0,0000
0,0000
1
0
2
4118000
07:43:44



0


0
0
0
0
0
0
0,0000
0
0
0,0000
0
0
0,0000
0
0



0
0
0




#CHLI
RPS YANTALA
GAS
GASOIL







0
618,0000
0,00
253,41
253,41

0,0000
0,0000

0
570,50
0
570,50
0



NY-11-RPS Yantala
CHNY11RPS
1

0
0,0000
0
0
0,0000
0
0
0,0000
0
0
41180011


0
0


0
0


230626



0

0,00
#CHLI
RPS YANTALA
SUP
SUPER







0
499,0000
0,00
2058,58
2058,58

0,0000
0,0000

0
464,86
0
464,86
0



NY-11-RPS Yantala
CHNY11RPS
1

0
0,0000
0
0
0,0000
0
0
0,0000
0
0
41180011


0
0


0
0


230626



0

0,00
#CHRE
2
230626

0
0
1
0

#CHEN
1
7
1
1
F13000001
230626
RPS KOUBIA



41180013
NY-13-RPS Koubia
Clts CASH-RPS-Koubia
1
0
0,000000
41180013
1
1
0







1
21
11
1
1
1
0
0,0000
0,0000
1
0
2
4118000
07:53:16



0


0
0,00
0
0
0,00
0
0,0000
0
0
0,0000
0
0
0,0000
0
0



0
0
0




#CHLI
RPS KOUBIA
SUP
SUPER







0
499,0000
0,00
2020,76
2020,76

0,0000
0,0000

0
440,00
0,00
440,00
0



NY-13-RPS Koubia

1

0
0,0000
0
0
0,0000
0
0
0,0000
0
0
41180013


0
0


0
0


230626



0

0,00
#CHRE
2
230626

0,00
0,00
1
0

#CHEN
1
7
1
1
F14TS0001
230626
RPS SOREY



41120040
NY-14-RPS Sorey
SOTCO
1
0
0,000000
41120040
1
1
0







1
21
11
1
1
1
0
0,0000
0,0000
1
0
2
4112000
00:00:48



0


0
0
0
0
0
0
0,0000
0
0
0,0000
0
0
0,0000
0
0



0
0
0




#CHLI
RPS SOREY
GAS
BON-Nø69274/BM-2250 RN







0
618,0000
0,00
450,00
450,00

0,0000
0,0000

0
0,00
0
0,00
0



NY-14-RPS Sorey

1

0
0,0000
0
0
0,0000
0
0
0,0000
0
0
41120040


0
0


0
0


230626



0

0,00
#CHLI
RPS SOREY
GAS
BON-Nø69279/BM-8816 RN







0
618,0000
0,00
450,00
450,00

0,0000
0,0000

0
0,00
0
0,00
0



NY-14-RPS Sorey

1

0
0,0000
0
0
0,0000
0
0
0,0000
0
0
41120040


0
0


0
0


230626



0

0,00
#CHLI
RPS SOREY
GAS
BON-Nø69275/BM-8815 RN







0
618,0000
0,00
450,00
450,00

0,0000
0,0000

0
0,00
0
0,00
0



NY-14-RPS Sorey

1

0
0,0000
0
0
0,0000
0
0
0,0000
0
0
41120040


0
0


0
0


230626



0

0,00
#CHLI
RPS SOREY
GAS
BON-Nø69278/BM-8766 RN







0
618,0000
0,00
450,00
450,00

0,0000
0,0000

0
0,00
0
0,00
0



NY-14-RPS Sorey

1

0
0,0000
0
0
0,0000
0
0
0,0000
0
0
41120040


0
0


0
0


230626



0

0,00
#CHLI
RPS SOREY
GAS
BON-Nø69277/BM-2247 RN







0
618,0000
0,00
450,00
450,00

0,0000
0,0000

0
0,00
0
0,00
0



NY-14-RPS Sorey

1

0
0,0000
0
0
0,0000
0
0
0,0000
0
0
41120040


0
0


0
0


230626



0

0,00
#CHRE
2
230626

0
0
1
0

#CHEN
1
7
1
1
F14TS0002
230626
RPS SOREY



41110022
NY-14-RPS Sorey
Abdoussalam MARADI
1
0
0,000000
41110022
1
1
0







1
21
11
1
1
1
0
0,0000
0,0000
1
0
2
4111000
21:13:18



0


0
0
0
0
0
0
0,0000
0
0
0,0000
0
0
0,0000
0
0



0
0
0




#CHLI
RPS SOREY
GAS
BON-Nø69273/AS-5548 RN







0
618,0000
0,00
200,00
200,00

0,0000
0,0000

0
0,00
0
0,00
0



NY-14-RPS Sorey

1

0
0,0000
0
0
0,0000
0
0
0,0000
0
0
41110022


0
0


0
0


230626



0

0,00
#CHRE
2
230626

0
0
1
0

#CHEN
1
7
1
1
F14TS0003
230626
RPS SOREY



41180014
NY-14-RPS Sorey

1
0
0,000000
41180014
1
1
0







1
21
11
1
1
1
0
0,0000
0,0000
1
0
2
4118000
23:04:53



0


0
0
0
0
0
0
0,0000
0
0
0,0000
0
0
0,0000
0
0



0
0
0




#CHLI
RPS SOREY
GAS
GASOIL







0
618,0000
0,00
1540,58
1540,58

0,0000
0,0000

0
0,00
0
0,00
0



NY-14-RPS Sorey

1

0
0,0000
0
0
0,0000
0
0
0,0000
0
0
41180014


0
0


0
0


230626



0

0,00
#CHLI
RPS SOREY
SUP
SUPER







0
499,0000
0,00
203,74
203,74

0,0000
0,0000

0
0,00
0
0,00
0



NY-14-RPS Sorey

1

0
0,0000
0
0
0,0000
0
0
0,0000
0
0
41180014


0
0


0
0


230626



0

0,00
#CHRE
2
230626

0
0
1
0

#CHEN
1
7
1
1
F14TS0004
230626
RPS SOREY



41129008
NY-14-RPS Sorey
MOKO LOGISTIQUE
1
0
0,000000
41129008
1
1
0







1
21
11
1
1
1
0
0,0000
0,0000
1
0
2
4112000
23:22:45



0


0
0
0
0
0
0
0,0000
0
0
0,0000
0
0
0,0000
0
0



0
0
0




#CHLI
RPS SOREY
GAS
BON-Nø69269/CK-7125 RB







0
618,0000
0,00
300,00
300,00

0,0000
0,0000

0
0,00
0
0,00
0



NY-14-RPS Sorey

1

0
0,0000
0
0
0,0000
0
0
0,0000
0
0
41129008


0
0


0
0


230626



0

0,00
#CHLI
RPS SOREY
GAS
BON-Nø69268/CK-7097 RB







0
618,0000
0,00
300,00
300,00

0,0000
0,0000

0
0,00
0
0,00
0



NY-14-RPS Sorey

1

0
0,0000
0
0
0,0000
0
0
0,0000
0
0
41129008


0
0


0
0


230626



0

0,00
#CHLI
RPS SOREY
GAS
BON-N69281/CK-7145 RN







0
618,0000
0,00
300,00
300,00

0,0000
0,0000

0
0,00
0
0,00
0



NY-14-RPS Sorey

1

0
0,0000
0
0
0,0000
0
0
0,0000
0
0
41129008


0
0


0
0


230626



0

0,00
#CHLI
RPS SOREY
GAS
BON-Nø69283/CK-7146 RB







0
618,0000
0,00
300,00
300,00

0,0000
0,0000

0
0,00
0
0,00
0



NY-14-RPS Sorey

1

0
0,0000
0
0
0,0000
0
0
0,0000
0
0
41129008


0
0


0
0


230626



0

0,00
#CHLI
RPS SOREY
GAS
BON-Nø69267/CK7092 RB







0
618,0000
0,00
300,00
300,00

0,0000
0,0000

0
0,00
0
0,00
0



NY-14-RPS Sorey

1

0
0,0000
0
0
0,0000
0
0
0,0000
0
0
41129008


0
0


0
0


230626



0

0,00
#CHLI
RPS SOREY
GAS
BON-Nø69280CK-7128 RB







0
618,0000
0,00
300,00
300,00

0,0000
0,0000

0
0,00
0
0,00
0



NY-14-RPS Sorey

1

0
0,0000
0
0
0,0000
0
0
0,0000
0
0
41129008


0
0


0
0


230626



0

0,00
#CHLI
RPS SOREY
GAS
BON-Nø69279/CK-7095 RN







0
618,0000
0,00
300,00
300,00

0,0000
0,0000

0
0,00
0
0,00
0



NY-14-RPS Sorey

1

0
0,0000
0
0
0,0000
0
0
0,0000
0
0
41129008


0
0


0
0


230626



0

0,00
#CHLI
RPS SOREY
GAS
BON-Nø69282/CK-7127 RB







0
618,0000
0,00
300,00
300,00

0,0000
0,0000

0
0,00
0
0,00
0



NY-14-RPS Sorey

1

0
0,0000
0
0
0,0000
0
0
0,0000
0
0
41129008


0
0


0
0


230626



0

0,00
#CHRE
2
230626

0
0
1
0

#CHEN
1
7
1
1
F14TS0005
230626
RPS SOREY



41110024
NY-14-RPS Sorey
ETS Oudou Younoussa
1
0
0,000000
41110024
1
1
0







1
21
11
1
1
1
0
0,0000
0,0000
1
0
2
4111000
23:25:07



0


0
0
0
0
0
0
0,0000
0
0
0,0000
0
0
0,0000
0
0



0
0
0




#CHLI
RPS SOREY
GAS
BON-Nø69263/BJ-8830 RN







0
618,0000
0,00
300,00
300,00

0,0000
0,0000

0
0,00
0
0,00
0



NY-14-RPS Sorey

1

0
0,0000
0
0
0,0000
0
0
0,0000
0
0
41110024


0
0


0
0


230626



0

0,00
#CHLI
RPS SOREY
GAS
BON-Nø69262/BV-7754 RN







0
618,0000
0,00
300,00
300,00

0,0000
0,0000

0
0,00
0
0,00
0



NY-14-RPS Sorey

1

0
0,0000
0
0
0,0000
0
0
0,0000
0
0
41110024


0
0


0
0


230626



0

0,00
#CHLI
RPS SOREY
GAS
BON-Nø69261/BC-2688 RN







0
618,0000
0,00
300,00
300,00

0,0000
0,0000

0
0,00
0
0,00
0



NY-14-RPS Sorey

1

0
0,0000
0
0
0,0000
0
0
0,0000
0
0
41110024


0
0


0
0


230626



0

0,00
#CHLI
RPS SOREY
GAS
BON-Nø69260/BX-0619 RN







0
618,0000
0,00
300,00
300,00

0,0000
0,0000

0
0,00
0
0,00
0



NY-14-RPS Sorey

1

0
0,0000
0
0
0,0000
0
0
0,0000
0
0
41110024


0
0


0
0


230626



0

0,00
#CHLI
RPS SOREY
GAS
BON-Nø69259/BJ-8760 RN







0
618,0000
0,00
300,00
300,00

0,0000
0,0000

0
0,00
0
0,00
0



NY-14-RPS Sorey

1

0
0,0000
0
0
0,0000
0
0
0,0000
0
0
41110024


0
0


0
0


230626



0

0,00
#CHLI
RPS SOREY
GAS
BON-Nø69264/BJ-8858 RN







0
618,0000
0,00
300,00
300,00

0,0000
0,0000

0
0,00
0
0,00
0



NY-14-RPS Sorey

1

0
0,0000
0
0
0,0000
0
0
0,0000
0
0
41110024


0
0


0
0


230626



0

0,00
#CHLI
RPS SOREY
GAS
BON-Nø69270/AP-1588 RN







0
618,0000
0,00
300,00
300,00

0,0000
0,0000

0
0,00
0
0,00
0



NY-14-RPS Sorey

1

0
0,0000
0
0
0,0000
0
0
0,0000
0
0
41110024


0
0


0
0


230626



0

0,00
#CHLI
RPS SOREY
GAS
BON-Nø69266/AP-1364 RN







0
618,0000
0,00
300,00
300,00

0,0000
0,0000

0
0,00
0
0,00
0



NY-14-RPS Sorey

1

0
0,0000
0
0
0,0000
0
0
0,0000
0
0
41110024


0
0


0
0


230626



0

0,00
#CHRE
2
230626

0
0
1
0

#CHEN
1
7
1
1
F14TS0006
230626
RPS SOREY



41120043
NY-14-RPS Sorey
SOTCO-COURSE
1
0
0,000000
41120043
1
1
0







1
21
11
1
1
1
0
0,0000
0,0000
1
0
2
4112000
23:31:58



0


0
0
0
0
0
0
0,0000
0
0
0,0000
0
0
0,0000
0
0



0
0
0




#CHLI
RPS SOREY
GAS
BON-Nø69265/BM-49 RN







0
618,0000
0,00
40,00
40,00

0,0000
0,0000

0
0,00
0
0,00
0



NY-14-RPS Sorey

1

0
0,0000
0
0
0,0000
0
0
0,0000
0
0
41120043


0
0


0
0


230626



0

0,00
#CHLI
RPS SOREY
GAS
BON-Nø69272/AG-6631 RN







0
618,0000
0,00
70,00
70,00

0,0000
0,0000

0
0,00
0
0,00
0



NY-14-RPS Sorey

1

0
0,0000
0
0
0,0000
0
0
0,0000
0
0
41120043


0
0


0
0


230626



0

0,00
#CHLI
RPS SOREY
GAS
BON-Nø69258/BS-7701 RN







0
618,0000
0,00
40,00
40,00

0,0000
0,0000

0
0,00
0
0,00
0



NY-14-RPS Sorey

1

0
0,0000
0
0
0,0000
0
0
0,0000
0
0
41120043


0
0


0
0


230626



0

0,00
#CHRE
2
230626

0
0
1
0

#CHEN
1
7
1
1
F14TS0007
230626
RPS SOREY



41120013
NY-14-RPS Sorey
Indien Jainata Di
1
0
0,000000
41120013
1
1
0







1
21
11
1
1
1
0
0,0000
0,0000
1
0
2
4112000
23:34:42



0


0
0
0
0
0
0
0,0000
0
0
0,0000
0
0
0,0000
0
0



0
0
0




#CHLI
RPS SOREY
GAS
BON-Nø69271/TG-4058 AQ







0
618,0000
0,00
500,00
500,00

0,0000
0,0000

0
0,00
0
0,00
0



NY-14-RPS Sorey

1

0
0,0000
0
0
0,0000
0
0
0,0000
0
0
41120013


0
0


0
0


230626



0

0,00
#CHRE
2
230626

0
0
1
0

#CHEN
1
7
1
1
F14TS0008
230626
RPS SOREY



4112012
NY-14-RPS Sorey
LABAN SARL S.A
1
0
0,000000
4112012
1
1
0







1
21
11
1
1
1
0
0,0000
0,0000
1
0
2
4112000
23:39:40



0


0
0
0
0
0
0
0,0000
0
0
0,0000
0
0
0,0000
0
0



0
0
0




#CHLI
RPS SOREY
SUP
BON-Nø1726 RN







0
499,0000
0,00
45,00
45,00

0,0000
0,0000

0
0,00
0
0,00
0



NY-14-RPS Sorey

1

0
0,0000
0
0
0,0000
0
0
0,0000
0
0
4112012


0
0


0
0


230626



0

0,00
#CHRE
2
230626

0
0
1
0

#CHEN
1
7
1
1
F15000000
230626
RPS LAZAREY



41180015
NY-15-RPS Lazarey
Clts CASH-RPS-Lazarey
1
0
0,000000
41180015
1
1
0






CHNY15RPS
1
21
11
1
1
1
0
0,0000
0,0000
1
0
2
4118000
07:13:35



0


0
0,00
0
0
0,00
0
0,0000
0
0
0,0000
0
0
0,0000
0
0



0
0
0




#CHLI
RPS LAZAREY
GAS
GASOIL







0
618,0000
0,00
115,70
115,70

0,0000
0,0000

0
612,53
0,00
612,53
0



NY-15-RPS Lazarey
CHNY15RPS
1

0
0,0000
0
0
0,0000
0
0
0,0000
0
0
41180015


0
0


0
0


230626



0

0,00
#CHLI
RPS LAZAREY
SUP
SUPER







0
499,0000
0,00
1479,28
1479,28

0,0000
0,0000

0
485,64
0,00
485,64
0



NY-15-RPS Lazarey
CHNY15RPS
1

0
0,0000
0
0
0,0000
0
0
0,0000
0
0
41180015


0
0


0
0


230626



0

0,00
#CHRE
2
230626

0,00
0,00
1
0

#CHEN
1
7
1
1
F15000001
230626
RPS LAZAREY



41120050
NY-15-RPS Lazarey
SSN
1
0
0,000000
41120050
1
1
0






CHNY15RPS
1
21
11
1
1
1
0
0,0000
0,0000
1
0
2
4112000
07:14:50



0


0
0,00
0
0
0,00
0
0,0000
0
0
0,0000
0
0
0,0000
0
0



0
0
0




#CHLI
RPS LAZAREY
SUP
La laitiere du Sahel/2026050002040344/AV9658







0
499,0000
0,00
2,00
2,00

0,0000
0,0000

0
485,64
0,00
485,64
0



NY-15-RPS Lazarey
CHNY15RPS
1

0
0,0000
0
0
0,0000
0
0
0,0000
0
0
41120050


0
0


0
0


230626



0

0,00
#CHRE
2
230626

0,00
0,00
1
0

#CHEN
1
7
1
1
F16007678
230626
RPS CITE-CAISSE



41180016
NY-16-RPS Cit‚ Caisse
Clts CASH-RPS-Cit‚ CAISSE
1
0
0,000000
41180016
1
1
0






CHNY16RPS
1
21
11
1
1
1
0
0,0000
0,0000
1
0
2
4118000
07:29:11



0


0
0
0
0
0
0
0,0000
0
0
0,0000
0
0
0,0000
0
0



0
0
0




#CHLI
RPS CITE-CAISSE
GAS
GASOIL







0
618,0000
0,00
479,77
479,77

0,0000
0,0000

0
618,50
0
618,50
0



NY-16-RPS Cit‚ Caisse
CHNY16RPS
1

0
0,0000
0
0
0,0000
0
0
0,0000
0
0
41180016


0
0


0
0


230626



0

0,00
#CHLI
RPS CITE-CAISSE
SUP
SUPER







0
499,0000
0,00
1976,62
1976,62

0,0000
0,0000

0
488,93
0
488,93
0



NY-16-RPS Cit‚ Caisse
CHNY16RPS
1

0
0,0000
0
0
0,0000
0
0
0,0000
0
0
41180016


0
0


0
0


230626



0

0,00
#CHRE
2
230626

0
0
1
0

#CHEN
1
7
1
1
F17000001
230626
RPS BCEAO



41180017
NY-17-RPS Bceao
Clts CASH-RPS-BECEAO
1
0
0,000000
41180017
1
1
0






CHNY17RPS
1
21
11
1
1
1
0
0,0000
0,0000
1
0
2
4118000
07:40:21



0


0
0
0
0
0
0
0,0000
0
0
0,0000
0
0
0,0000
0
0



0
0
0




#CHLI
RPS BCEAO
GAS
GASOIL







0
618,0000
0,00
760,50
760,50

0,0000
0,0000

0
570,50
0
570,50
0



NY-17-RPS Bceao
CHNY17RPS
1

0
0,0000
0
0
0,0000
0
0
0,0000
0
0
41180017


0
0


0
0


230626



0

0,00
#CHLI
RPS BCEAO
SUP
SUPER







0
499,0000
0,00
1494,58
1494,58

0,0000
0,0000

0
464,86
0
464,86
0



NY-17-RPS Bceao
CHNY17RPS
1

0
0,0000
0
0
0,0000
0
0
0,0000
0
0
41180017


0
0


0
0


230626



0

0,00
#CHRE
2
230626

0
0
1
0

#CHEN
1
7
1
1
F17000002
230626
RPS BCEAO



41120050
NY-17-RPS Bceao
SSN
1
0
0,000000
41120050
1
1
0






CHNY17RPS
1
21
11
1
1
1
0
0,0000
0,0000
1
0
2
4112000
07:41:10



0


0
0
0
0
0
0
0,0000
0
0
0,0000
0
0
0,0000
0
0



0
0
0




#CHLI
RPS BCEAO
SUP
BA7889







0
499,0000
0,00
30,06
30,06

0,0000
0,0000

0
464,86
0
464,86
0



NY-17-RPS Bceao
CHNY17RPS
1

0
0,0000
0
0
0,0000
0
0
0,0000
0
0
41120050


0
0


0
0


230626



0

0,00
#CHRE
2
230626

0
0
1
0

#CHEN
1
7
1
1
F21008934
230626
RPS CITE PROGRES



41180021
NY-21-RPS Cit‚ ProgrŠs
Clts CASH-RPS-Cit‚-ProgrŠs
1
0
0,000000
41180021
1
1
0






CHNY21RPS
1
21
11
1
1
1
0
0,0000
0,0000
1
0
2
4118000
07:23:08



0


0
0
0
0
0
0
0,0000
0
0
0,0000
0
0
0,0000
0
0



0
0
0




#CHLI
RPS CITE PROGRES
GAS
GASOIL







0
618,0000
0,00
0,97
0,97

0,0000
0,0000

0
615,13
0
615,13
0



NY-21-RPS Cit‚ ProgrŠs
CHNY21RPS
1

0
0,0000
0
0
0,0000
0
0
0,0000
0
0
41180021


0
0


0
0


230626



0

0,00
#CHLI
RPS CITE PROGRES
SUP
SUPER







0
499,0000
0,00
2424,75
2424,75

0,0000
0,0000

0
488,93
0
488,93
0



NY-21-RPS Cit‚ ProgrŠs
CHNY21RPS
1

0
0,0000
0
0
0,0000
0
0
0,0000
0
0
41180021


0
0


0
0


230626



0

0,00
#CHRE
2
230626

0
0
1
0

#CHEN
1
7
1
1
F21008935
230626
RPS CITE PROGRES



41110024
NY-21-RPS Cit‚ ProgrŠs
ETS Oudou Younoussa
1
0
0,000000
41110024
1
1
0






CHNY21RPS
1
21
11
1
1
1
0
0,0000
0,0000
1
0
2
4111000
07:24:57



0


0
0
0
0
0
0
0,0000
0
0
0,0000
0
0
0,0000
0
0



0
0
0




#CHLI
RPS CITE PROGRES
GAS
34733/BX0604RN







0
618,0000
0,00
1050,00
1050,00

0,0000
0,0000

0
615,13
0
615,13
0



NY-21-RPS Cit‚ ProgrŠs
CHNY21RPS
1

0
0,0000
0
0
0,0000
0
0
0,0000
0
0
41110024


0
0


0
0


230626



0

0,00
#CHLI
RPS CITE PROGRES
GAS
34734/BX0625RN







0
618,0000
0,00
1050,00
1050,00

0,0000
0,0000

0
615,13
0
615,13
0



NY-21-RPS Cit‚ ProgrŠs
CHNY21RPS
1

0
0,0000
0
0
0,0000
0
0
0,0000
0
0
41110024


0
0


0
0


230626



0

0,00
#CHRE
2
230626

0
0
1
0

#CHEN
1
7
1
1
F21008936
230626
RPS CITE PROGRES



41120050
NY-21-RPS Cit‚ ProgrŠs
SSN
1
0
0,000000
41120050
1
1
0






CHNY21RPS
1
21
11
1
1
1
0
0,0000
0,0000
1
0
2
4112000
07:26:36



0


0
0
0
0
0
0
0,0000
0
0
0,0000
0
0
0,0000
0
0



0
0
0




#CHLI
RPS CITE PROGRES
SUP
TICKET 5194447453/MOTO







0
499,0000
0,00
10,02
10,02

0,0000
0,0000

0
488,93
0
488,93
0



NY-21-RPS Cit‚ ProgrŠs
CHNY21RPS
1

0
0,0000
0
0
0,0000
0
0
0,0000
0
0
41120050


0
0


0
0


230626



0

0,00
#CHRE
2
230626

0
0
1
0

#CHEN
1
7
1
1
F22000002
230626
RPS KOSSEY



41180022
NY-22-RPS-Kossey
Clts CASH-RPS-KOSSEY
1
0
0,000000
41180022
1
1
0






CHNY22RPS
1
21
11
1
1
1
0
0,0000
0,0000
1
0
2
4118000
07:13:15



0


0
0,00
0
0
0,00
0
0,0000
0
0
0,0000
0
0
0,0000
0
0



0
0
0




#CHLI
RPS KOSSEY
GAS
GASOIL







0
618,0000
0,00
133,45
133,45

0,0000
0,0000

0
605,00
0,00
605,00
0



NY-22-RPS-Kossey
CHNY22RPS
1

0
0,0000
0
0
0,0000
0
0
0,0000
0
0
41180022


0
0


0
0


230626



0

0,00
#CHLI
RPS KOSSEY
SUP
SUPER







0
499,0000
0,00
893,84
893,84

0,0000
0,0000

0
448,00
0,00
448,00
0



NY-22-RPS-Kossey
CHNY22RPS
1

0
0,0000
0
0
0,0000
0
0
0,0000
0
0
41180022


0
0


0
0


230626



0

0,00
#CHRE
2
230626

0,00
0,00
1
0

#CHEN
1
7
1
1
F24000003
230626
RPS BANIZOUMBOU 2



41110018
NY-24-RPS Route Rond Point Bar‚
Ibrahim DIDI-R‚seau
1
0
0,000000
41110018
1
1
0







1
21
11
1
1
1
0
0,0000
0,0000
1
0
2
4111000
07:21:44



0


0
0
0
0
0
0
0,0000
0
0
0,0000
0
0
0,0000
0
0



0
0
0




#CHLI
RPS BANIZOUMBOU 2
GAS
0070409/BQ-1020







0
618,0000
0,00
30,00
30,00

0,0000
0,0000

0
0,00
0
0,00
0



NY-24-RPS Route Rond Point Bar‚

1

0
0,0000
0
0
0,0000
0
0
0,0000
0
0
41110018


0
0


0
0


230626



0

0,00
#CHRE
2
230626

0
0
1
0

#CHEN
1
7
1
1
F24000000
230626
RPS BANIZOUMBOU 2



41180024
NY-24-RPS Route Rond Point Bar‚
Clts CASH-RPS-Rond Point Bar‚
1
0
0,000000
41180024
1
1
0







1
21
11
1
1
1
0
0,0000
0,0000
1
0
2
4118000
22:02:04



0


0
0
0
0
0
0
0,0000
0
0
0,0000
0
0
0,0000
0
0



0
0
0




#CHLI
RPS BANIZOUMBOU 2
GAS
GASOIL







0
618,0000
0,00
305,10
305,10

0,0000
0,0000

0
0,00
0
0,00
0



NY-24-RPS Route Rond Point Bar‚

1

0
0,0000
0
0
0,0000
0
0
0,0000
0
0
41180024


0
0


0
0


230626



0

0,00
#CHLI
RPS BANIZOUMBOU 2
SUP
SUPER







0
499,0000
0,00
1804,32
1804,32

0,0000
0,0000

0
0,00
0
0,00
0



NY-24-RPS Route Rond Point Bar‚

1

0
0,0000
0
0
0,0000
0
0
0,0000
0
0
41180024


0
0


0
0


230626



0

0,00
#CHRE
2
230626

0
0
1
0

#CHEN
1
7
1
1
F24000001
230626
RPS BANIZOUMBOU 2



41120050
NY-24-RPS Route Rond Point Bar‚
SSN
1
0
0,000000
41120050
1
1
0







1
21
11
1
1
1
0
0,0000
0,0000
1
0
2
4112000
22:02:42



0


0
0
0
0
0
0
0,0000
0
0
0,0000
0
0
0,0000
0
0



0
0
0




#CHLI
RPS BANIZOUMBOU 2
GAS
GASOIL







0
618,0000
0,00
67,97
67,97

0,0000
0,0000

0
0,00
0
0,00
0



NY-24-RPS Route Rond Point Bar‚

1

0
0,0000
0
0
0,0000
0
0
0,0000
0
0
41120050


0
0


0
0


230626



0

0,00
#CHRE
2
230626

0
0
1
0

#CHEN
1
7
1
1
F24000002
230626
RPS BANIZOUMBOU 2



41120040
NY-24-RPS Route Rond Point Bar‚
SOTCO
1
0
0,000000
41120040
1
1
0







1
21
11
1
1
1
0
0,0000
0,0000
1
0
2
4110000
22:06:13



0


0
0
0
0
0
0
0,0000
0
0
0,0000
0
0
0,0000
0
0



0
0
0




#CHLI
RPS BANIZOUMBOU 2
GAS
0070409/CH-6624 RN







0
618,0000
0,00
40,00
40,00

0,0000
0,0000

0
0,00
0
0,00
0



NY-24-RPS Route Rond Point Bar‚

1

0
0,0000
0
0
0,0000
0
0
0,0000
0
0
41120040


0
0


0
0


230626



0

0,00
#CHRE
2
230626

0
0
1
0

#CHEN
1
7
1
1
F25252311
230626
RPS MARHABA



41180025
NY-25-RPS Marhaba
Clts CASH-RPS-Marhaba
1
0
0,000000
41180025
1
1
0






CHNY25RPS
1
21
11
1
1
1
0
0,0000
0,0000
1
0
2
4118000
08:24:26



0


0
0
0
0
0
0
0,0000
0
0
0,0000
0
0
0,0000
0
0



0
0
0




#CHLI
RPS MARHABA
SUP
SUPER







0
499,0000
0,00
3563,93
3563,93

0,0000
0,0000

0
464,86
0
464,86
0



NY-25-RPS Marhaba
CHNY25RPS
1

0
0,0000
0
0
0,0000
0
0
0,0000
0
0
41180025


0
0


0
0


230626



0

0,00
#CHRE
2
230626

0
0
1
0

#CHEN
1
7
1
1
F26000255
230626
RPS Tourakou



41180026
NY-26-RPS Tourakou
Clts CASH -RPS-Tourakou
1
0
0,000000
41180026
1
1
0






CHNY26RPS
1
21
11
1
1
1
0
0,0000
0,0000
1
0
2
4118000
15:04:56



0


0
0
0
0
0
0
0,0000
0
0
0,0000
0
0
0,0000
0
0



0
0
0




#CHLI
RPS Tourakou
GAS
GASOIL







0
618,0000
0,00
513,78
513,78

0,0000
0,0000

0
570,50
0
570,50
0



NY-26-RPS Tourakou
CHNY26RPS
1

0
0,0000
0
0
0,0000
0
0
0,0000
0
0
41180026


0
0


0
0


230626



0

0,00
#CHLI
RPS Tourakou
SUP
SUPER







0
499,0000
0,00
2450,88
2450,88

0,0000
0,0000

0
464,50
0
464,50
0



NY-26-RPS Tourakou
CHNY26RPS
1

0
0,0000
0
0
0,0000
0
0
0,0000
0
0
41180026


0
0


0
0


230626



0

0,00
#CHRE
2
230626

0
0
1
0

#CHEN
1
7
1
1
F27271406
230626
RPS DAR SALAM



41180027
NY-27-RPS Dar Salam

1
0
0,000000
41180027
1
1
0






CHNY27RPS
1
21
11
1
1
1
0
0,0000
0,0000
1
0
2
4118000
07:24:12



0


0
0,00
0
0
0,00
0
0,0000
0
0
0,0000
0
0
0,0000
0
0



0
0
0




#CHLI
RPS DAR SALAM
GAS
GASOIL







0
618,0000
0,00
44,12
44,12

0,0000
0,0000

0
615,13
0,00
615,13
0



NY-27-RPS Dar Salam
CHNY27RPS
1

0
0,0000
0
0
0,0000
0
0
0,0000
0
0
41180027


0
0


0
0


230626



0

0,00
#CHLI
RPS DAR SALAM
SUP
SUPER







0
499,0000
0,00
357,91
357,91

0,0000
0,0000

0
488,93
0,00
488,93
0



NY-27-RPS Dar Salam
CHNY27RPS
1

0
0,0000
0
0
0,0000
0
0
0,0000
0
0
41180027


0
0


0
0


230626



0

0,00
#CHRE
2
230626

0,00
0,00
1
0

#CHEN
1
7
1
1
F28281399
230626
RPS Bobiel



41180028
NY-28-RPS Bobiel
Clts-CASH-RPS-Bobiel
1
0
0,000000
41180028
1
1
0






CHNY28RPS
1
21
11
1
1
1
0
0,0000
0,0000
1
0
2
4118000
06:47:04



0


0
0,00
0
0
0,00
0
0,0000
0
0
0,0000
0
0
0,0000
0
0



0
0
0




#CHLI
RPS Bobiel
SUP
SUPER







0
499,0000
0,00
1260,93
1260,93

0,0000
0,0000

0
464,88
0,00
464,88
0



NY-28-RPS Bobiel
CHNY28RPS
1

0
0,0000
0
0
0,0000
0
0
0,0000
0
0
41180028


0
0


0
0


230626



0

0,00
#CHRE
2
230626

0,00
0,00
1
0

#CHEN
1
7
1
1
F29TS0021
230626
RPS Harobanda



41180029
NY-29-RPS Harobanda
Clts CASH-RPS-Harobanda
1
1
1,000000
41180029
1
1
0






CHNY29RPS
1
21
11
1
1
1
1
0,0000
0,0000
1
0
2
4118000
07:18:26



0


0
0
0
0
0
0
0,0000
0
0
0,0000
0
0
0,0000
0
0



0
0
0




#CHLI
RPS Harobanda
SUP
SUPER







0
499,0000
499
2976,39
2976,39

0,0000
0,0000

0
488,93
0
488,93
0



NY-29-RPS Harobanda
CHNY29RPS
1

0
0,0000
0
0
0,0000
0
0
0,0000
0
0
41180029


0
0


0
0


230626



0

0,00
#CHRE
2
230626

0
0
1
0

#CHEN
1
7
1
1
F30000026
230626
RPS Chateau8



41180030
NY-30-RPS Chateau8
Clts CASH-RPS-Chateau8
1
0
0,000000
41180030
1
1
0






CHYN30RPS
1
21
11
1
1
1
0
0,0000
0,0000
1
0
2
4118000
06:39:24



0


0
0,00
0
0
0,00
0
0,0000
0
0
0,0000
0
0
0,0000
0
0



0
0
0




#CHLI
RPS BOSSO
SUP
SUPER







0
499,0000
0,00
1657,91
1657,91

0,0000
0,0000

0
464,86
0,00
464,86
0



NY-30-RPS Chateau8
CHYN30RPS
1

0
0,0000
0
0
0,0000
0
0
0,0000
0
0
41180030


0
0


0
0


230626



0

0,00
#CHRE
2
230626

0,00
0,00
1
0

#CHEN
1
7
1
1
F31312287
230626
RPS RIMBO



41110024
NY-31-RPS Rimbo
ETS OUDOU YOUNOUSSA
1
0
0,000000
41110024
1
1
0






CHNY31RPS
1
21
11
1
1
1
0
0,0000
0,0000
1
0
2
4111000
06:54:43



0


0
0
0
0
0
0
0,0000
0
0
0,0000
0
0
0,0000
0
0



0
0
0




#CHLI
RPS RIMBO
GAS
BON Nø66495/AQ8902/GO







0
618,0000
0,00
7,75
7,75

0,0000
0,0000

0
615,13
0
615,13
0



NY-31-RPS Rimbo
CHNY31RPS
1

0
0,0000
0
0
0,0000
0
0
0,0000
0
0
41110024


0
0


0
0


230626



0

0,00
#CHRE
2
230626

0
0
1
0

#CHEN
1
7
1
1
F31312288
230626
RPS RIMBO



41110024
NY-31-RPS Rimbo
ETS OUDOU YOUNOUSSA
1
0
0,000000
41110024
1
1
0






CHNY31RPS
1
21
11
1
1
1
0
0,0000
0,0000
1
0
2
4111000
06:56:57



0


0
0
0
0
0
0
0,0000
0
0
0,0000
0
0
0,0000
0
0



0
0
0




#CHLI
RPS RIMBO
GAS
BON Nø66496/BA9937RN/GO







0
618,0000
0,00
40,00
40,00

0,0000
0,0000

0
615,13
0
615,13
0



NY-31-RPS Rimbo
CHNY31RPS
1

0
0,0000
0
0
0,0000
0
0
0,0000
0
0
41110024


0
0


0
0


230626



0

0,00
#CHLI
RPS RIMBO
GAS
BON Nø66498/BA9937RN/GO







0
618,0000
0,00
60,00
60,00

0,0000
0,0000

0
615,13
0
615,13
0



NY-31-RPS Rimbo
CHNY31RPS
1

0
0,0000
0
0
0,0000
0
0
0,0000
0
0
41110024


0
0


0
0


230626



0

0,00
#CHRE
2
230626

0
0
1
0

#CHEN
1
7
1
1
F31312289
230626
RPS RIMBO



41110024
NY-31-RPS Rimbo
ETS OUDOU YOUNOUSSA
1
0
0,000000
41110024
1
1
0






CHNY31RPS
1
21
11
1
1
1
0
0,0000
0,0000
1
0
2
4111000
07:03:10



0


0
0
0
0
0
0
0,0000
0
0
0,0000
0
0
0,0000
0
0



0
0
0




#CHLI
RPS RIMBO
SUP
BON Nø66497/CH3196RN/ESS







0
499,0000
0,00
27,70
27,70

0,0000
0,0000

0
488,93
0
488,93
0



NY-31-RPS Rimbo
CHNY31RPS
1

0
0,0000
0
0
0,0000
0
0
0,0000
0
0
41110024


0
0


0
0


230626



0

0,00
#CHRE
2
230626

0
0
1
0

#CHEN
1
7
1
1
F31312290
230626
RPS RIMBO



41120050
NY-31-RPS Rimbo
SSN
1
0
0,000000
41120050
1
1
0






CHNY31RPS
1
21
11
1
1
1
0
0,0000
0,0000
1
0
2
4112000
07:06:35



0


0
0
0
0
0
0
0,0000
0
0
0,0000
0
0
0,0000
0
0



0
0
0




#CHLI
RPS RIMBO
SUP
VENTE CARTE CARBURANT Nø2026021363703267/CG5126/ESS







0
499,0000
0,00
30,06
30,06

0,0000
0,0000

0
488,93
0
488,93
0



NY-31-RPS Rimbo
CHNY31RPS
1

0
0,0000
0
0
0,0000
0
0
0,0000
0
0
41120050


0
0


0
0


230626



0

0,00
#CHRE
2
230626

0
0
1
0

#CHEN
1
7
1
1
F31312291
230626
RPS RIMBO



41120050
NY-31-RPS Rimbo
SSN
1
0
0,000000
41120050
1
1
0






CHNY31RPS
1
21
11
1
1
1
0
0,0000
0,0000
1
0
2
4112000
07:09:12



0


0
0
0
0
0
0
0,0000
0
0
0,0000
0
0
0,0000
0
0



0
0
0




#CHLI
RPS RIMBO
SUP
VENTE CARTE CARBURANT Nø2024062500267834/ESS







0
499,0000
0,00
15,03
15,03

0,0000
0,0000

0
488,93
0
488,93
0



NY-31-RPS Rimbo
CHNY31RPS
1

0
0,0000
0
0
0,0000
0
0
0,0000
0
0
41120050


0
0


0
0


230626



0

0,00
#CHRE
2
230626

0
0
1
0

#CHEN
1
7
1
1
F31312292
230626
RPS RIMBO



41180031
NY-31-RPS Rimbo
Clts CASH-RPS-Rimbo
1
0
0,000000
41180031
1
1
0






CHNY31RPS
1
21
11
1
1
1
0
0,0000
0,0000
1
0
2
4118000
07:12:32



0


0
0
0
0
0
0
0,0000
0
0
0,0000
0
0
0,0000
0
0



0
0
0




#CHLI
RPS RIMBO
GAS
GASOIL







0
618,0000
0,00
97,65
97,65

0,0000
0,0000

0
615,13
0
615,13
0



NY-31-RPS Rimbo
CHNY31RPS
1

0
0,0000
0
0
0,0000
0
0
0,0000
0
0
41180031


0
0


0
0


230626



0

0,00
#CHLI
RPS RIMBO
SUP
SUPER







0
499,0000
0,00
795,36
795,36

0,0000
0,0000

0
488,93
0
488,93
0



NY-31-RPS Rimbo
CHNY31RPS
1

0
0,0000
0
0
0,0000
0
0
0,0000
0
0
41180031


0
0


0
0


230626



0

0,00
#CHRE
2
230626

0
0
1
0

#CHEN
1
7
1
1
F32000012
230626
RPS MADINA



41180032
NY-32-RPS Madina
Clts CASH-RPS-Madina
1
0
0,000000
41180032
1
1
0







1
21
11
1
1
1
0
0,0000
0,0000
1
0
2
4118000
07:41:26



0


0
0
0
0
0
0
0,0000
0
0
0,0000
0
0
0,0000
0
0



0
0
0




#CHLI
RPS MADINA
GAS
GASOIL







0
618,0000
0,00
32,36
32,36

0,0000
0,0000

0
618,00
0
618,00
0



NY-32-RPS Madina

1

0
0,0000
0
0
0,0000
0
0
0,0000
0
0
41180032


0
0


0
0


230626



0

0,00
#CHLI
RPS MADINA
SUP
SUPER







0
499,0000
0,00
451,83
451,83

0,0000
0,0000

0
499,00
0
499,00
0



NY-32-RPS Madina

1

0
0,0000
0
0
0,0000
0
0
0,0000
0
0
41180032


0
0


0
0


230626



0

0,00
#CHRE
2
230626

0
0
1
0

#CHEN
1
7
1
1
F32000013
230626
RPS MADINA



41110005
NY-32-RPS Madina
Isheikh Hamma HAMI
1
0
0,000000
41110005
1
1
0







1
21
11
1
1
1
0
0,0000
0,0000
1
0
2
4111000
07:42:40



0


0
0
0
0
0
0
0,0000
0
0
0,0000
0
0
0,0000
0
0



0
0
0




#CHLI
RPS MADINA
GAS
HAMMA HAMID/BN 3833







0
618,0000
0,00
500,00
500,00

0,0000
0,0000

0
618,00
0
618,00
0



NY-32-RPS Madina

1

0
0,0000
0
0
0,0000
0
0
0,0000
0
0
41110005


0
0


0
0


230626



0

0,00
#CHLI
RPS MADINA
GAS
HAMMA HAMID/BN 0998







0
618,0000
0,00
500,00
500,00

0,0000
0,0000

0
618,00
0
618,00
0



NY-32-RPS Madina

1

0
0,0000
0
0
0,0000
0
0
0,0000
0
0
41110005


0
0


0
0


230626



0

0,00
#CHLI
RPS MADINA
GAS
HAMMA HAMID/BN 3849







0
618,0000
0,00
500,00
500,00

0,0000
0,0000

0
618,00
0
618,00
0



NY-32-RPS Madina

1

0
0,0000
0
0
0,0000
0
0
0,0000
0
0
41110005


0
0


0
0


230626



0

0,00
#CHLI
RPS MADINA
GAS
HAMMA HAMID/BNG21XB







0
618,0000
0,00
500,00
500,00

0,0000
0,0000

0
618,00
0
618,00
0



NY-32-RPS Madina

1

0
0,0000
0
0
0,0000
0
0
0,0000
0
0
41110005


0
0


0
0


230626



0

0,00
#CHLI
RPS MADINA
GAS
HAMMA HAMID/BN 1335







0
618,0000
0,00
500,00
500,00

0,0000
0,0000

0
618,00
0
618,00
0



NY-32-RPS Madina

1

0
0,0000
0
0
0,0000
0
0
0,0000
0
0
41110005


0
0


0
0


230626



0

0,00
#CHLI
RPS MADINA
GAS
HAMMA HAMID/BN 2183







0
618,0000
0,00
500,00
500,00

0,0000
0,0000

0
618,00
0
618,00
0



NY-32-RPS Madina

1

0
0,0000
0
0
0,0000
0
0
0,0000
0
0
41110005


0
0


0
0


230626



0

0,00
#CHLI
RPS MADINA
GAS
HAMMA HAMID/BN 3840







0
618,0000
0,00
500,00
500,00

0,0000
0,0000

0
618,00
0
618,00
0



NY-32-RPS Madina

1

0
0,0000
0
0
0,0000
0
0
0,0000
0
0
41110005


0
0


0
0


230626



0

0,00
#CHLI
RPS MADINA
GAS
HAMMA HAMID/BM 9801







0
618,0000
0,00
500,00
500,00

0,0000
0,0000

0
618,00
0
618,00
0



NY-32-RPS Madina

1

0
0,0000
0
0
0,0000
0
0
0,0000
0
0
41110005


0
0


0
0


230626



0

0,00
#CHLI
RPS MADINA
GAS
HAMMA HAMID/BN 1371







0
618,0000
0,00
500,00
500,00

0,0000
0,0000

0
618,00
0
618,00
0



NY-32-RPS Madina

1

0
0,0000
0
0
0,0000
0
0
0,0000
0
0
41110005


0
0


0
0


230626



0

0,00
#CHLI
RPS MADINA
GAS
HAMMA HAMID/BN3843







0
618,0000
0,00
500,00
500,00

0,0000
0,0000

0
618,00
0
618,00
0



NY-32-RPS Madina

1

0
0,0000
0
0
0,0000
0
0
0,0000
0
0
41110005


0
0


0
0


230626



0

0,00
#CHLI
RPS MADINA
GAS
HAMMA HAMID/BN 3832







0
618,0000
0,00
500,00
500,00

0,0000
0,0000

0
618,00
0
618,00
0



NY-32-RPS Madina

1

0
0,0000
0
0
0,0000
0
0
0,0000
0
0
41110005


0
0


0
0


230626



0

0,00
#CHLI
RPS MADINA
GAS
HAMMA HAMID/BN 3246







0
618,0000
0,00
500,00
500,00

0,0000
0,0000

0
618,00
0
618,00
0



NY-32-RPS Madina

1

0
0,0000
0
0
0,0000
0
0
0,0000
0
0
41110005


0
0


0
0


230626



0

0,00
#CHRE
2
230626

0
0
1
0

#CHEN
1
7
1
1
F32000014
230626
RPS MADINA



41110024
NY-32-RPS Madina
ETS Oudou Younoussa
1
0
0,000000
41110024
1
1
0







1
21
11
1
1
1
0
0,0000
0,0000
1
0
2
4111000
07:51:23



0


0
0
0
0
0
0
0,0000
0
0
0,0000
0
0
0,0000
0
0



0
0
0




#CHLI
RPS MADINA
GAS
HOUDOU YOUNOUSSA/BY 1961







0
618,0000
0,00
150,00
150,00

0,0000
0,0000

0
618,00
0
618,00
0



NY-32-RPS Madina

1

0
0,0000
0
0
0,0000
0
0
0,0000
0
0
41110024


0
0


0
0


230626



0

0,00
#CHRE
2
230626

0
0
1
0

#CHEN
1
7
1
1
F32000015
230626
RPS MADINA



41120026
NY-32-RPS Madina
Rimbo Transport
1
0
0,000000
41120026
1
1
0







1
21
11
1
1
1
0
0,0000
0,0000
1
0
2
4112000
07:53:53



0


0
0
0
0
0
0
0,0000
0
0
0,0000
0
0
0,0000
0
0



0
0
0




#CHLI
RPS MADINA
SUP
RIMBO/AX 4589







0
499,0000
0,00
30,00
30,00

0,0000
0,0000

0
499,00
0
499,00
0



NY-32-RPS Madina

1

0
0,0000
0
0
0,0000
0
0
0,0000
0
0
41120026


0
0


0
0


230626



0

0,00
#CHRE
2
230626

0
0
1
0

#CHEN
1
7
1
1
F33TS0001
230626
ARENES



41180033
NY-33-RPS Les ArŠnes
Clts CASH-RPS-Les Arenes
1
0
0,000000
41180033
1
1
0







1
21
11
1
1
1
0
0,0000
0,0000
1
0
2
4118000
07:47:57



0


0
0
0
0
0
0
0,0000
0
0
0,0000
0
0
0,0000
0
0



0
0
0




#CHLI
ARENES
GAS
GASOIL







0
618,0000
0,00
316,05
316,05

0,0000
0,0000

0
0,00
0
0,00
0



NY-33-RPS Les ArŠnes

1

0
0,0000
0
0
0,0000
0
0
0,0000
0
0
41180033


0
0


0
0


230626



0

0,00
#CHLI
ARENES
SUP
SUPER







0
499,0000
0,00
2624,08
2624,08

0,0000
0,0000

0
494,36
0
494,36
0



NY-33-RPS Les ArŠnes

1

0
0,0000
0
0
0,0000
0
0
0,0000
0
0
41180033


0
0


0
0


230626



0

0,00
#CHRE
2
230626

0
0
1
0

#CHEN
1
7
1
1
F33TS0002
230626
ARENES



41120050
NY-33-RPS Les ArŠnes
SSN
1
0
0,000000
41120050
1
1
0







1
21
11
1
1
1
0
0,0000
0,0000
1
0
2
4112000
07:48:54



0


0
0
0
0
0
0
0,0000
0
0
0,0000
0
0
0,0000
0
0



0
0
0




#CHLI
ARENES
SUP
BONø2026012863521267







0
499,0000
0,00
10,02
10,02

0,0000
0,0000

0
494,36
0
494,36
0



NY-33-RPS Les ArŠnes

1

0
0,0000
0
0
0,0000
0
0
0,0000
0
0
41120050


0
0


0
0


230626



0

0,00
#CHLI
ARENES
SUP
BONø2025032661535591







0
499,0000
0,00
10,02
10,02

0,0000
0,0000

0
494,36
0
494,36
0



NY-33-RPS Les ArŠnes

1

0
0,0000
0
0
0,0000
0
0
0,0000
0
0
41120050


0
0


0
0


230626



0

0,00
#CHRE
2
230626

0
0
1
0

#CHEN
1
7
1
1
F34TS0001
230626
RPS BONKANEY



41180034
NY-34-RPS Bonkaney

1
0
0,000000
41180034
1
1
0







1
21
11
1
1
1
0
0,0000
0,0000
1
0
2
4118000
07:18:30



0


0
0,00
0
0
0,00
0
0,0000
0
0
0,0000
0
0
0,0000
0
0



0
0
0




#CHLI
RPS BONKANEY
GAS
GASOIL







0
618,0000
0,00
12,94
12,94

0,0000
0,0000

0
601,40
0,00
601,40
0



NY-34-RPS Bonkaney

1

0
0,0000
0
0
0,0000
0
0
0,0000
0
0
41180034


0
0


0
0


230626



0

0,00
#CHLI
RPS BONKANEY
SUP
SUPER







0
499,0000
0,00
378,39
378,39

0,0000
0,0000

0
499,00
0,00
499,00
0



NY-34-RPS Bonkaney

1

0
0,0000
0
0
0,0000
0
0
0,0000
0
0
41180034


0
0


0
0


230626



0

0,00
#CHRE
2
230626

0,00
0,00
1
0

#CHEN
1
7
1
1
F44000005
230626
Route Saga



41180044
NY-44-RPS Saga
Clts CASH-RPS-Saga
1
0
0,000000
41180044
1
1
0







1
21
11
1
1
1
0
0,0000
0,0000
1
0
2
4118000
21:38:36



0


0
0,00
0
0
0,00
0
0,0000
0
0
0,0000
0
0
0,0000
0
0



0
0
0




#CHLI
Route Saga
SUP
SUPER







0
499,0000
0,00
554,89
554,89

0,0000
0,0000

0
498,99
0,00
498,99
0



NY-44-RPS Saga

1

0
0,0000
0
0
0,0000
0
0
0,0000
0
0
41180044


0
0


0
0


230626



0

0,00
#CHRE
2
230626

0,00
0,00
1
0

#CHEN
1
7
1
1
F06TS0001
230626
CHTAKO37RPS



41110093
TA-06-RPS Konni
Boubacar Ahmadou
1
0
0,000000
41110093
1
1
0






CHTAKO37RPS
1
21
11
1
1
1
0
0,0000
0,0000
1
0
2
4110000
10:27:25



0


0
0
0
0
0
0
0,0000
0
0
0,0000
0
0
0,0000
0
0



0
0
0




#CHLI
CHTAKO37RPS
GAS
BV8451 N*0043416







0
618,0000
0,00
63,00
63,00

0,0000
0,0000

0
615,00
0
615,00
0



TA-06-RPS Konni
CHTAKO37RPS
1

0
0,0000
0
0
0,0000
0
0
0,0000
0
0
41110093


0
0


0
0


230626



0

0,00
#CHRE
2
230626

0
0
1
0

#CHEN
1
7
1
1
F37TS0001
230626
CHTAKO37RPS



41110005
TA-37-RPS Konni 02
Isheikh Hamma HAMI
1
0
0,000000
41110005
1
1
0






CHTAKO37RPS
1
21
11
1
1
1
0
0,0000
0,0000
1
0
2
4111000
08:17:02



0


0
0
0
0
0
0
0,0000
0
0
0,0000
0
0
0,0000
0
0



0
0
0




#CHLI
CHTAKO37RPS
GAS
BN1371 N*0033454







0
618,0000
0,00
1500,00
1500,00

0,0000
0,0000

0
615,13
0
615,13
0



TA-37-RPS Konni 02
CHTAKO37RPS
1

0
0,0000
0
0
0,0000
0
0
0,0000
0
0
41110005


0
0


0
0


230626



0

0,00
#CHLI
CHTAKO37RPS
GAS
BN3832 N*0033455







0
618,0000
0,00
1500,00
1500,00

0,0000
0,0000

0
615,13
0
615,13
0



TA-37-RPS Konni 02
CHTAKO37RPS
1

0
0,0000
0
0
0,0000
0
0
0,0000
0
0
41110005


0
0


0
0


230626



0

0,00
#CHRE
2
230626

0
0
1
0

#CHEN
1
7
1
1
F37372376
230626
CHTAKO37RPS



41129007
TA-37-RPS Konni 02
TOURAD TRADING
1
0
0,000000
41129007
1
1
0






CHTAKO37RPS
1
21
11
1
1
1
0
0,0000
0,0000
1
0
2
4112000
08:18:38



0


0
0
0
0
0
0
0,0000
0
0
0,0000
0
0
0,0000
0
0



0
0
0




#CHLI
CHTAKO37RPS
GAS
CH1138 N*0058871







0
618,0000
0,00
325,00
325,00

0,0000
0,0000

0
615,13
0
615,13
0



TA-37-RPS Konni 02
CHTAKO37RPS
1

0
0,0000
0
0
0,0000
0
0
0,0000
0
0
41129007


0
0


0
0


230626



0

0,00
#CHRE
2
230626

0
0
1
0

#CHEN
1
7
1
1
F37372377
230626
CHTAKO37RPS



41111005
TA-37-RPS Konni 02
NECO GAZ
1
0
0,000000
41111005
1
1
0






CHTAKO37RPS
1
21
11
1
1
1
0
0,0000
0,0000
1
0
2
4111000
08:19:42



0


0
0
0
0
0
0
0,0000
0
0
0,0000
0
0
0,0000
0
0



0
0
0




#CHLI
CHTAKO37RPS
GAS
AR4204 N*0058873







0
618,0000
0,00
481,01
481,01

0,0000
0,0000

0
615,13
0
615,13
0



TA-37-RPS Konni 02
CHTAKO37RPS
1

0
0,0000
0
0
0,0000
0
0
0,0000
0
0
41111005


0
0


0
0


230626



0

0,00
#CHLI
CHTAKO37RPS
GAS
AR9335 N*0058869







0
618,0000
0,00
1000,00
1000,00

0,0000
0,0000

0
615,13
0
615,13
0



TA-37-RPS Konni 02
CHTAKO37RPS
1

0
0,0000
0
0
0,0000
0
0
0,0000
0
0
41111005


0
0


0
0


230626



0

0,00
#CHLI
CHTAKO37RPS
GAS
AR6502 N*0058872







0
618,0000
0,00
1000,00
1000,00

0,0000
0,0000

0
615,13
0
615,13
0



TA-37-RPS Konni 02
CHTAKO37RPS
1

0
0,0000
0
0
0,0000
0
0
0,0000
0
0
41111005


0
0


0
0


230626



0

0,00
#CHRE
2
230626

0
0
1
0

#CHEN
1
7
1
1
F37372378
230626
CHTAKO37RPS



41111008
TA-37-RPS Konni 02
HACHIMOU MAHAMADOU
1
0
0,000000
41111008
1
1
0






CHTAKO37RPS
1
21
11
1
1
1
0
0,0000
0,0000
1
0
2
4111000
08:22:12



0


0
0
0
0
0
0
0,0000
0
0
0,0000
0
0
0,0000
0
0



0
0
0




#CHLI
CHTAKO37RPS
GAS
BG 0661 N*0058868







0
618,0000
0,00
800,00
800,00

0,0000
0,0000

0
615,13
0
615,13
0



TA-37-RPS Konni 02
CHTAKO37RPS
1

0
0,0000
0
0
0,0000
0
0
0,0000
0
0
41111008


0
0


0
0


230626



0

0,00
#CHLI
CHTAKO37RPS
GAS
AG 9225 N*0058870







0
618,0000
0,00
800,00
800,00

0,0000
0,0000

0
615,12
0
615,12
0



TA-37-RPS Konni 02
CHTAKO37RPS
1

0
0,0000
0
0
0,0000
0
0
0,0000
0
0
41111008


0
0


0
0


230626



0

0,00
#CHRE
2
230626

0
0
1
0

#CHEN
1
7
1
1
F38000003
230626
RPS Universite



41180038
TA-38-RPS Tahoua 01
Clts CASH-RPS-Tahoua01
1
0
0,000000
41180038
1
1
0






CHTA38RPS
1
21
11
1
1
1
0
0,0000
0,0000
1
0
2
4118000
01:23:41



0


0
0,00
0
0
0,00
0
0,0000
0
0
0,0000
0
0
0,0000
0
0



0
0
0




#CHLI
RPS Universite
GAS
GASOIL







0
618,0000
0,00
674,76
674,76

0,0000
0,0000

0
615,13
0,00
615,13
0



TA-38-RPS Tahoua 01
CHTA38RPS
1

0
0,0000
0
0
0,0000
0
0
0,0000
0
0
41180038


0
0


0
0


230626



0

0,00
#CHLI
RPS Universite
SUP
SUPER







0
499,0000
0,00
4208,08
4208,08

0,0000
0,0000

0
488,93
0,00
488,93
0



TA-38-RPS Tahoua 01
CHTA38RPS
1

0
0,0000
0
0
0,0000
0
0
0,0000
0
0
41180038


0
0


0
0


230626



0

0,00
#CHRE
2
230626

0,00
0,00
1
0

#CHEN
1
7
1
1
F38000004
230626
RPS Universite



41120026
TA-38-RPS Tahoua 01
Rimbo Transport
1
0
0,000000
41120026
1
1
0






CHTA38RPS
1
21
11
1
1
1
0
0,0000
0,0000
1
0
2
4112000
01:24:21



0


0
0,00
0
0
0,00
0
0,0000
0
0
0,0000
0
0
0,0000
0
0



0
0
0




#CHLI
RPS Universite
GAS
BP 6276







0
618,0000
0,00
300,00
300,00

0,0000
0,0000

0
615,13
0,00
615,13
0



TA-38-RPS Tahoua 01
CHTA38RPS
1

0
0,0000
0
0
0,0000
0
0
0,0000
0
0
41120026


0
0


0
0


230626



0

0,00
#CHRE
2
230626

0,00
0,00
1
0

#CHEN
1
7
1
1
F38000005
230626
RPS Universite



41110075
TA-38-RPS Tahoua 01
SINOMA CARGO
1
0
0,000000
41110075
1
1
0






CHTA38RPS
1
21
11
1
1
1
0
0,0000
0,0000
1
0
2
4111000
01:24:58



0


0
0,00
0
0
0,00
0
0,0000
0
0
0,0000
0
0
0,0000
0
0



0
0
0




#CHLI
RPS Universite
GAS
T11







0
618,0000
0,00
31,27
31,27

0,0000
0,0000

0
615,13
0,00
615,13
0



TA-38-RPS Tahoua 01
CHTA38RPS
1

0
0,0000
0
0
0,0000
0
0
0,0000
0
0
41110075


0
0


0
0


230626



0

0,00
#CHRE
2
230626

0,00
0,00
1
0

#CHEN
1
7
1
1
F39000002
230626
RPS Tahoua 02



41180039
TA-39-RPS Tahoua 02
Clts CASH-RPS-Tahoua02
1
0
0,000000
41180039
1
1
0






CHTA39RPS
1
21
11
1
1
1
0
0,0000
0,0000
1
0
2
4118000
08:52:51



0


0
0,00
0
0
0,00
0
0,0000
0
0
0,0000
0
0
0,0000
0
0



0
0
0




#CHLI
RPS Rte Agadez
GAS
GASOIL







0
618,0000
0,00
304,22
304,22

0,0000
0,0000

0
615,13
0,00
615,13
0



TA-39-RPS Tahoua 02
CHTA39RPS
1

0
0,0000
0
0
0,0000
0
0
0,0000
0
0
41180039


0
0


0
0


230626



0

0,00
#CHLI
RPS Rte Agadez
SUP
SUPER







0
499,0000
0,00
1181,65
1181,65

0,0000
0,0000

0
488,93
0,00
488,93
0



TA-39-RPS Tahoua 02
CHTA39RPS
1

0
0,0000
0
0
0,0000
0
0
0,0000
0
0
41180039


0
0


0
0


230626



0

0,00
#CHRE
2
230626

0,00
0,00
1
0

#CHEN
1
7
1
1
F39000003
230626
RPS Tahoua 02



41120040
TA-39-RPS Tahoua 02
SOTCO
1
0
0,000000
41120040
1
1
0






CHTA39RPS
1
21
11
1
1
1
0
0,0000
0,0000
1
0
2
4112000
08:53:34



0


0
0,00
0
0
0,00
0
0,0000
0
0
0,0000
0
0
0,0000
0
0



0
0
0




#CHLI
RPS Rte Agadez
GAS
BM 2248







0
618,0000
0,00
150,00
150,00

0,0000
0,0000

0
615,13
0,00
615,13
0



TA-39-RPS Tahoua 02
CHTA39RPS
1

0
0,0000
0
0
0,0000
0
0
0,0000
0
0
41120040


0
0


0
0


230626



0

0,00
#CHRE
2
230626

0,00
0,00
1
0

#CHEN
1
7
1
1
F48000001
230626
RPS Tchinta



41180048
TA-48-RPS Tchinta RT Alg‚rie
Clts CASH-RPS-Tchinta RT Alg‚rie
1
0
0,000000
41180048
1
1
0







1
21
11
1
1
1
0
0,0000
0,0000
1
0
2
4118000
07:42:17



0


0
0
0
0
0
0
0,0000
0
0
0,0000
0
0
0,0000
0
0



0
0
0




#CHLI
RPS Tchinta
SUP
SUPER







0
499,0000
0,00
395,57
395,57

0,0000
0,0000

0
464,50
0
464,50
0



TA-48-RPS Tchinta RT Alg‚rie

1

0
0,0000
0
0
0,0000
0
0
0,0000
0
0
41180048


0
0


0
0


230626



0

0,00
#CHRE
2
230626

0
0
1
0

#CHEN
1
7
1
1
F51TS0001
230626
RPS ABALAK



41180051
TA-51-RPS Abalak Pr‚fecture

1
0
0,000000
41180051
1
1
0







1
21
11
1
1
1
0
0,0000
0,0000
1
0
2
4118000
06:51:39



0


0
0
0
0
0
0
0,0000
0
0
0,0000
0
0
0,0000
0
0



0
0
0




#CHLI
RPS ABALAK
GAS
GASOIL







0
618,0000
0,00
2111,58
2111,58

0,0000
0,0000

0
570,50
0
570,50
0



TA-51-RPS Abalak Pr‚fecture

1

0
0,0000
0
0
0,0000
0
0
0,0000
0
0
41180051


0
0


0
0


230626



0

0,00
#CHLI
RPS ABALAK
SUP
SUPER







0
499,0000
0,00
4638,97
4638,97

0,0000
0,0000

0
464,50
0
464,50
0



TA-51-RPS Abalak Pr‚fecture

1

0
0,0000
0
0
0,0000
0
0
0,0000
0
0
41180051


0
0


0
0


230626



0

0,00
#CHRE
2
230626

0
0
1
0

#CHEN
1
7
1
1
F51TS0002
230626
RPS ABALAK



41120016
TA-51-RPS Abalak Pr‚fecture
Entreprise Mim
1
0
0,000000
41120016
1
1
0







1
21
11
1
1
1
0
0,0000
0,0000
1
0
2
4112000
06:52:49



0


0
0
0
0
0
0
0,0000
0
0
0,0000
0
0
0,0000
0
0



0
0
0




#CHLI
RPS ABALAK
GAS
Entreprise MIM/BR39784/BC7921/NASSER CHAMBOU MOUSSA/GAZOIL







0
618,0000
0,00
1014,00
1014,00

0,0000
0,0000

0
570,50
0
570,50
0



TA-51-RPS Abalak Pr‚fecture

1

0
0,0000
0
0
0,0000
0
0
0,0000
0
0
41120016


0
0


0
0


230626



0

0,00
#CHRE
2
230626

0
0
1
0

#CHEN
1
7
1
1
F52000002
230626
RPS HAMDALLAYE



41129006
TY-52-RPS Hamdallaye
BACOREX
1
0
0,000000
41129006
1
1
0







1
21
11
1
1
1
0
0,0000
0,0000
1
0
2
4112000
06:39:07



0


0
0,00
0
0
0,00
0
0,0000
0
0
0,0000
0
0
0,0000
0
0



0
0
0




#CHLI
RPS HAMDALLAYE
SUP
BACOREX 60819/CF-7659 60820/BB-4935







0
499,0000
0,00
100,00
100,00

0,0000
0,0000

0
467,48
0,00
467,48
0



TY-52-RPS Hamdallaye

1

0
0,0000
0
0
0,0000
0
0
0,0000
0
0
41129006


0
0


0
0


230626



0

0,00
#CHRE
2
230626

0,00
0,00
1
0

#CHEN
1
7
1
1
F52000003
230626
RPS HAMDALLAYE



41120050
TY-52-RPS Hamdallaye
SSN
1
0
0,000000
41120050
1
1
0







1
21
11
1
1
1
0
0,0000
0,0000
1
0
2
4112000
06:40:47



0


0
0,00
0
0
0,00
0
0,0000
0
0
0,0000
0
0
0,0000
0
0



0
0
0




#CHLI
RPS HAMDALLAYE
SUP
SUPER







0
499,0000
0,00
10,02
10,02

0,0000
0,0000

0
467,49
0,00
467,49
0



TY-52-RPS Hamdallaye

1

0
0,0000
0
0
0,0000
0
0
0,0000
0
0
41120050


0
0


0
0


230626



0

0,00
#CHRE
2
230626

0,00
0,00
1
0

#CHEN
1
7
1
1
F52000004
230626
RPS HAMDALLAYE



41180052
TY-52-RPS Hamdallaye

1
0
0,000000
41180052
1
1
0







1
21
11
1
1
1
0
0,0000
0,0000
1
0
2
4118000
06:41:21



0


0
0,00
0
0
0,00
0
0,0000
0
0
0,0000
0
0
0,0000
0
0



0
0
0




#CHLI
RPS HAMDALLAYE
SUP
SUPER







0
499,0000
0,00
4843,06
4843,06

0,0000
0,0000

0
467,49
0,00
467,49
0



TY-52-RPS Hamdallaye

1

0
0,0000
0
0
0,0000
0
0
0,0000
0
0
41180052


0
0


0
0


230626



0

0,00
#CHRE
2
230626

0,00
0,00
1
0

#CHEN
1
7
1
1
F53TS0001
230626

230626


41110060
TY-53-RPS Bal‚yara
Alliance Petroleum
1
0
0,000000
41110060
1
1
0







1
21
11
1
1
1
0
0,0000
0,0000
1
0
2
4111000
07:23:00



0


0
0,00
0
0
0,00
0
0,0000
0
0
0,0000
0
0
0,0000
0
0



0
0
0




#CHLI

SUP
SSN BQ4056







0
499,0000
0,00
10,02
10,02

0,0000
0,0000

0
0,00
0,00
464,50
0


230626
TY-53-RPS Bal‚yara

1

0
0,0000
0
0
0,0000
0
0
0,0000
0
0
41110060


0
0


0
0


230626



0

0,00
#CHRE
2
230626

0,00
0,00
1
0

#CHEN
1
7
1
1
F53TS0002
230626
RPS BALLEYARA
230626


41180053
TY-53-RPS Bal‚yara

1
0
0,000000
41180053
1
1
0







1
21
11
1
1
1
0
0,0000
0,0000
1
0
2
4111000
07:26:43



0


0
0,00
0
0
0,00
0
0,0000
0
0
0,0000
0
0
0,0000
0
0



0
0
0




#CHLI
RPS BALLEYARA
SUP
SUPER







0
499,0000
0,00
1089,59
1089,59

0,0000
0,0000

0
464,50
0,00
464,50
0


230626
TY-53-RPS Bal‚yara

1

0
0,0000
0
0
0,0000
0
0
0,0000
0
0
41180053


0
0


0
0


230626



0

0,00
#CHRE
2
230626

0,00
0,00
1
0

#CHEN
1
7
1
1
F41000003
230626
RPSZR-SORAZ



41180041
ZR-41-RPS Zinder-Soraze
Clts CASH-RPS-ZR-Soraze
1
0
0,000000
41180041
1
1
0







1
21
11
1
1
1
0
0,0000
0,0000
1
0
2
4118000
09:16:49



0


0
0
0
0
0
0
0,0000
0
0
0,0000
0
0
0,0000
0
0



0
0
0




#CHLI
RPSZR-SORAZ
GAS
GASOIL







0
618,0000
0,00
1382,02
1382,02

0,0000
0,0000

0
570,94
0
570,94
0



ZR-41-RPS Zinder-Soraze

1

0
0,0000
0
0
0,0000
0
0
0,0000
0
0
41180041


0
0


0
0


230626



0

0,00
#CHLI
RPSZR-SORAZ
SUP
SUPER







0
499,0000
0,00
1477,04
1477,04

0,0000
0,0000

0
464,50
0
464,50
0



ZR-41-RPS Zinder-Soraze

1

0
0,0000
0
0
0,0000
0
0
0,0000
0
0
41180041


0
0


0
0


230626



0

0,00
#CHRE
2
230626

0
0
1
0

#CHEN
1
7
1
1
F42000007
230626
RPSZR HYP



41180042
ZR-42-RPS Zr-Hypodrome
Clts CASH-RPS-Zr-Hypodrome
1
0
0,000000
41180042
1
1
0







1
21
11
1
1
1
0
0,0000
0,0000
1
0
2
4118000
07:49:52



0


0
0
0
0
0
0
0,0000
0
0
0,0000
0
0
0,0000
0
0



0
0
0




#CHLI
RPSZR HYP
GAS
GASOIL







0
618,0000
0,00
5158,11
5158,11

0,0000
0,0000

0
563,84
0
563,84
0



ZR-42-RPS Zr-Hypodrome

1

0
0,0000
0
0
0,0000
0
0
0,0000
0
0
41180042


0
0


0
0


230626



0

0,00
#CHLI
RPSZR HYP
SUP
SUPER







0
499,0000
0,00
4044,46
4044,46

0,0000
0,0000

0
464,50
0
464,50
0



ZR-42-RPS Zr-Hypodrome

1

0
0,0000
0
0
0,0000
0
0
0,0000
0
0
41180042


0
0


0
0


230626



0

0,00
#CHRE
2
230626

0
0
1
0

#CHEN
1
7
1
1
F42000008
230626
RPSZR HYP



41120026
ZR-42-RPS Zr-Hypodrome
Rimbo Transport
1
0
0,000000
41120026
1
1
0







1
21
11
1
1
1
0
0,0000
0,0000
1
0
2
4112000
07:51:33



0


0
0
0
0
0
0
0,0000
0
0
0,0000
0
0
0,0000
0
0



0
0
0




#CHLI
RPSZR HYP
GAS
32527/ CG9140RN







0
618,0000
0,00
200,00
200,00

0,0000
0,0000

0
563,85
0
563,85
0



ZR-42-RPS Zr-Hypodrome

1

0
0,0000
0
0
0,0000
0
0
0,0000
0
0
41120026


0
0


0
0


230626



0

0,00
#CHLI
RPSZR HYP
GAS
32523/ CG9129RN







0
618,0000
0,00
200,00
200,00

0,0000
0,0000

0
563,84
0
563,84
0



ZR-42-RPS Zr-Hypodrome

1

0
0,0000
0
0
0,0000
0
0
0,0000
0
0
41120026


0
0


0
0


230626



0

0,00
#CHLI
RPSZR HYP
GAS
32524/ BX5909RN







0
618,0000
0,00
200,00
200,00

0,0000
0,0000

0
563,85
0
563,85
0



ZR-42-RPS Zr-Hypodrome

1

0
0,0000
0
0
0,0000
0
0
0,0000
0
0
41120026


0
0


0
0


230626



0

0,00
#CHLI
RPSZR HYP
GAS
32526/ CG9138RN







0
618,0000
0,00
300,00
300,00

0,0000
0,0000

0
563,84
0
563,84
0



ZR-42-RPS Zr-Hypodrome

1

0
0,0000
0
0
0,0000
0
0
0,0000
0
0
41120026


0
0


0
0


230626



0

0,00
#CHRE
2
230626

0
0
1
0

#CHEN
1
7
1
1
F42000009
230626
RPSZR HYP



41120042
ZR-42-RPS Zr-Hypodrome
ZAMANI TELECOM
1
0
0,000000
41120042
1
1
0







1
21
11
1
1
1
0
0,0000
0,0000
1
0
2
4112000
07:55:20



0


0
0
0
0
0
0
0,0000
0
0
0,0000
0
0
0,0000
0
0



0
0
0




#CHLI
RPSZR HYP
GAS
34025/ AE6277RN







0
618,0000
0,00
300,00
300,00

0,0000
0,0000

0
563,85
0
563,85
0



ZR-42-RPS Zr-Hypodrome

1

0
0,0000
0
0
0,0000
0
0
0,0000
0
0
41120042


0
0


0
0


230626



0

0,00
#CHLI
RPSZR HYP
GAS
34026/ AE6277RN







0
618,0000
0,00
300,00
300,00

0,0000
0,0000

0
563,84
0
563,84
0



ZR-42-RPS Zr-Hypodrome

1

0
0,0000
0
0
0,0000
0
0
0,0000
0
0
41120042


0
0


0
0


230626



0

0,00
#CHRE
2
230626

0
0
1
0

#CHEN
1
7
1
1
F42000010
230626
RPSZR HYP



41110018
ZR-42-RPS Zr-Hypodrome
Ibrahim DIDI-R‚seau
1
0
0,000000
41110018
1
1
0







1
21
11
1
1
1
0
0,0000
0,0000
1
0
2
4111000
07:56:42



0


0
0
0
0
0
0
0,0000
0
0
0,0000
0
0
0,0000
0
0



0
0
0




#CHLI
RPSZR HYP
GAS
34024/ BQ9760RN







0
618,0000
0,00
1550,00
1550,00

0,0000
0,0000

0
563,85
0
563,85
0



ZR-42-RPS Zr-Hypodrome

1

0
0,0000
0
0
0,0000
0
0
0,0000
0
0
41110018


0
0


0
0


230626



0

0,00
#CHRE
2
230626

0
0
1
0

#CHEN
1
7
1
1
F42000011
230626
RPSZR HYP



41120050
ZR-42-RPS Zr-Hypodrome
SSN
1
0
0,000000
41120050
1
1
0







1
21
11
1
1
1
0
0,0000
0,0000
1
0
2
4112000
07:57:54



0


0
0
0
0
0
0
0,0000
0
0
0,0000
0
0
0,0000
0
0



0
0
0




#CHLI
RPSZR HYP
GAS
2024082701218675/ CG5719RN







0
618,0000
0,00
25,89
25,89

0,0000
0,0000

0
563,84
0
563,84
0



ZR-42-RPS Zr-Hypodrome

1

0
0,0000
0
0
0,0000
0
0
0,0000
0
0
41120050


0
0


0
0


230626



0

0,00
#CHLI
RPSZR HYP
GAS
2024082701218675/ IT01408RN







0
618,0000
0,00
270,93
270,93

0,0000
0,0000

0
563,84
0
563,84
0



ZR-42-RPS Zr-Hypodrome

1

0
0,0000
0
0
0,0000
0
0
0,0000
0
0
41120050


0
0


0
0


230626



0

0,00
#CHRE
2
230626

0
0
1
0

#CHEN
1
7
1
1
FGRTS0023
230626
EX-DEPOT-RIMBO



41120026
EX-DEPOT-RIMBO
Rimbo transport
1
0
0,000000
41120026
1
1
0







1
21
11
1
1
1
0
0,0000
0,0000
1
0
2
4112000
22:36:50



0


0
0
0
0
0
0
0,0000
0
0
0,0000
0
0
0,0000
0
0



0
0
0




#CHLI
garage rimbo
GAS
N/37866   CG9144







0
618,0000
0,00
615,00
615,00

0,0000
0,0000

0
615,13
0
615,13
0



EX-DEPOT-RIMBO

1

0
0,0000
0
0
0,0000
0
0
0,0000
0
0
41120026


0
0


0
0


230626



0

0,00
#CHLI
garage rimbo
GAS
N/37867    CG9136







0
618,0000
0,00
600,00
600,00

0,0000
0,0000

0
615,13
0
615,13
0



EX-DEPOT-RIMBO

1

0
0,0000
0
0
0,0000
0
0
0,0000
0
0
41120026


0
0


0
0


230626



0

0,00
#CHLI
garage rimbo
GAS
N/37874   CG 9139







0
618,0000
0,00
566,01
566,01

0,0000
0,0000

0
615,13
0
615,13
0



EX-DEPOT-RIMBO

1

0
0,0000
0
0
0,0000
0
0
0,0000
0
0
41120026


0
0


0
0


230626



0

0,00
#CHLI
garage rimbo
GAS
N/37873   CG9137







0
618,0000
0,00
460,00
460,00

0,0000
0,0000

0
615,13
0
615,13
0



EX-DEPOT-RIMBO

1

0
0,0000
0
0
0,0000
0
0
0,0000
0
0
41120026


0
0


0
0


230626



0

0,00
#CHLI
garage rimbo
GAS
N/37869   CG9134







0
618,0000
0,00
240,00
240,00

0,0000
0,0000

0
615,13
0
615,13
0



EX-DEPOT-RIMBO

1

0
0,0000
0
0
0,0000
0
0
0,0000
0
0
41120026


0
0


0
0


230626



0

0,00
#CHLI
garage rimbo
GAS
N/37878   CA5431







0
618,0000
0,00
616,01
616,01

0,0000
0,0000

0
615,13
0
615,13
0



EX-DEPOT-RIMBO

1

0
0,0000
0
0
0,0000
0
0
0,0000
0
0
41120026


0
0


0
0


230626



0

0,00
#CHLI
garage rimbo
GAS
N/37870   CA5434







0
618,0000
0,00
571,00
571,00

0,0000
0,0000

0
615,13
0
615,13
0



EX-DEPOT-RIMBO

1

0
0,0000
0
0
0,0000
0
0
0,0000
0
0
41120026


0
0


0
0


230626



0

0,00
#CHLI
garage rimbo
GAS
N/37875  CA5438







0
618,0000
0,00
548,00
548,00

0,0000
0,0000

0
615,13
0
615,13
0



EX-DEPOT-RIMBO

1

0
0,0000
0
0
0,0000
0
0
0,0000
0
0
41120026


0
0


0
0


230626



0

0,00
#CHLI
garage rimbo
GAS
N/37863  CA5437







0
618,0000
0,00
540,00
540,00

0,0000
0,0000

0
615,13
0
615,13
0



EX-DEPOT-RIMBO

1

0
0,0000
0
0
0,0000
0
0
0,0000
0
0
41120026


0
0


0
0


230626



0

0,00
#CHLI
garage rimbo
GAS
N/37884  BL1243







0
618,0000
0,00
576,00
576,00

0,0000
0,0000

0
615,13
0
615,13
0



EX-DEPOT-RIMBO

1

0
0,0000
0
0
0,0000
0
0
0,0000
0
0
41120026


0
0


0
0


230626



0

0,00
#CHLI
garage rimbo
GAS
N/37877  BL1234







0
618,0000
0,00
544,01
544,01

0,0000
0,0000

0
615,12
0
615,12
0



EX-DEPOT-RIMBO

1

0
0,0000
0
0
0,0000
0
0
0,0000
0
0
41120026


0
0


0
0


230626



0

0,00
#CHLI
garage rimbo
GAS
N/37879  BL1242







0
618,0000
0,00
490,00
490,00

0,0000
0,0000

0
615,13
0
615,13
0



EX-DEPOT-RIMBO

1

0
0,0000
0
0
0,0000
0
0
0,0000
0
0
41120026


0
0


0
0


230626



0

0,00
#CHLI
garage rimbo
GAS
N/37871   BL1244







0
618,0000
0,00
381,00
381,00

0,0000
0,0000

0
615,12
0
615,12
0



EX-DEPOT-RIMBO

1

0
0,0000
0
0
0,0000
0
0
0,0000
0
0
41120026


0
0


0
0


230626



0

0,00
#CHLI
garage rimbo
GAS
N/37876  BM1592







0
618,0000
0,00
470,00
470,00

0,0000
0,0000

0
615,13
0
615,13
0



EX-DEPOT-RIMBO

1

0
0,0000
0
0
0,0000
0
0
0,0000
0
0
41120026


0
0


0
0


230626



0

0,00
#CHLI
garage rimbo
GAS
N/37865  BM1590







0
618,0000
0,00
330,00
330,00

0,0000
0,0000

0
615,12
0
615,12
0



EX-DEPOT-RIMBO

1

0
0,0000
0
0
0,0000
0
0
0,0000
0
0
41120026


0
0


0
0


230626



0

0,00
#CHLI
garage rimbo
GAS
N/37880   BM1595







0
618,0000
0,00
255,00
255,00

0,0000
0,0000

0
615,13
0
615,13
0



EX-DEPOT-RIMBO

1

0
0,0000
0
0
0,0000
0
0
0,0000
0
0
41120026


0
0


0
0


230626



0

0,00
#CHLI
garage rimbo
GAS
N/37882  BA4168







0
618,0000
0,00
647,00
647,00

0,0000
0,0000

0
615,12
0
615,12
0



EX-DEPOT-RIMBO

1

0
0,0000
0
0
0,0000
0
0
0,0000
0
0
41120026


0
0


0
0


230626



0

0,00
#CHLI
garage rimbo
GAS
N/37864   BA4164







0
618,0000
0,00
220,00
220,00

0,0000
0,0000

0
615,13
0
615,13
0



EX-DEPOT-RIMBO

1

0
0,0000
0
0
0,0000
0
0
0,0000
0
0
41120026


0
0


0
0


230626



0

0,00
#CHLI
garage rimbo
GAS
N/37885  AB0687







0
618,0000
0,00
393,00
393,00

0,0000
0,0000

0
615,13
0
615,13
0



EX-DEPOT-RIMBO

1

0
0,0000
0
0
0,0000
0
0
0,0000
0
0
41120026


0
0


0
0


230626



0

0,00
#CHLI
garage rimbo
GAS
N/37883  AB0649







0
618,0000
0,00
331,00
331,00

0,0000
0,0000

0
615,12
0
615,12
0



EX-DEPOT-RIMBO

1

0
0,0000
0
0
0,0000
0
0
0,0000
0
0
41120026


0
0


0
0


230626



0

0,00
#CHLI
garage rimbo
GAS
N/37881  BF1246







0
618,0000
0,00
526,00
526,00

0,0000
0,0000

0
615,12
0
615,12
0



EX-DEPOT-RIMBO

1

0
0,0000
0
0
0,0000
0
0
0,0000
0
0
41120026


0
0


0
0


230626



0

0,00
#CHLI
garage rimbo
GAS
N/37868  BP6273







0
618,0000
0,00
462,00
462,00

0,0000
0,0000

0
615,13
0
615,13
0



EX-DEPOT-RIMBO

1

0
0,0000
0
0
0,0000
0
0
0,0000
0
0
41120026


0
0


0
0


230626



0

0,00
#CHLI
garage rimbo
GAS
N/37862  BD6233







0
618,0000
0,00
289,00
289,00

0,0000
0,0000

0
615,13
0
615,13
0



EX-DEPOT-RIMBO

1

0
0,0000
0
0
0,0000
0
0
0,0000
0
0
41120026


0
0


0
0


230626



0

0,00
#CHLI
garage rimbo
GAS
N/37886  AL0076







0
618,0000
0,00
33,00
33,00

0,0000
0,0000

0
615,12
0
615,12
0



EX-DEPOT-RIMBO

1

0
0,0000
0
0
0,0000
0
0
0,0000
0
0
41120026


0
0


0
0


230626



0

0,00
#CHRE
2
230626

0
0
1
0

#FIN
